email,telefon,tip_cont,tip_colaborator,prenume,nume,denumire_afisata_contact,username_propus,judet,localitate,denumire_organizatie,denumire_legala,cui,cui_cu_ro,reg_com,adresa_firma,reprezentant_legal,judet_firma,localitate_firma,adapost_public_ong,segmente,marketing_email_viitor,nota_interna,stare
,0737466108,adapost,adpub,,,ADAPOST PRIMARIA MUNICIPIULUI ALBA IULIA,,Alba,Alba Iulia,ADAPOST PRIMARIA MUNICIPIULUI ALBA IULIA,,,,,"Municipiul Alba Iulia, str. Rogozului, nr. 40",dr. Beres Vasile (0737466108),,,1,noutati_ong_adapost,,"Sursă: registru-caini.ro | URL județ: https://registru-caini.ro/adaposturi/alba/ | fingerprint=alba|adapost primaria municipiului alba iulia|municipiul alba iulia, str. rogozului, nr. 40 | Capacitate: 160 cap.; Program: Luni-Vineri 10.00-16.00",ready
beudeanr@yahoo.com,0744550409,adapost,adprv,,,ADAPOST ASOCIATIA DE PROTECTIE A ANIMALELOR SEMPEER FIDELIS,,Alba,Cugir,ADAPOST ASOCIATIA DE PROTECTIE A ANIMALELOR SEMPEER FIDELIS,,,,,"Municipiul Cugir, Str. Serelor, nr. 4","Dr. Beudean Rodica (0744550409, )",,,,noutati_ong_adapost,,"Sursă: registru-caini.ro | URL județ: https://registru-caini.ro/adaposturi/alba/ | fingerprint=alba|adapost asociatia de protectie a animalelor sempeer fidelis|municipiul cugir, str. serelor, nr. 4 | Capacitate: 181 cap.; Program: Luni – Duminica: 09.00 – 13.00",ready
,0735557501,adapost,adprv,,,ADAPOST S.C. CLINIC MARTVET S.R.L.,,Alba,Sebeş,ADAPOST S.C. CLINIC MARTVET S.R.L.,,,,,"Municipiul Sebeş, Lancram, Str. Veche f.n.",Dolha Calin (0735557501),,,,noutati_ong_adapost,,"Sursă: registru-caini.ro | URL județ: https://registru-caini.ro/adaposturi/alba/ | fingerprint=alba|adapost s.c. clinic martvet s.r.l.|municipiul sebes, lancram, str. veche f.n. | Capacitate: 252 cap.; Program: Luni – Vineri: 13.00 – 15.00",ready
florinfilimon6@gmail.com,0724317560,adapost,adprv,,,ADAPOST ASOCIAŢIA ARCHE NOAH TRANSILVANIA,,Alba,Vinţu de Jos,ADAPOST ASOCIAŢIA ARCHE NOAH TRANSILVANIA,,,,,"Vinţu de Jos, Str. Lucian Blaga, nr. 64","Florin Filimon (0724317560, )",,,,noutati_ong_adapost,,"Sursă: registru-caini.ro | URL județ: https://registru-caini.ro/adaposturi/alba/ | fingerprint=alba|adapost asociatia arche noah transilvania|vintu de jos, str. lucian blaga, nr. 64 | Capacitate: 98 cap.; Program: Luni – Vineri: 12.00 – 14.00",ready
,0735557501,adapost,adpub,,,ADAPOST CFS PRIMARIA AIUD,,Alba,Str. Tribun Tudoran,ADAPOST CFS PRIMARIA AIUD,,,,,"Str. Tribun Tudoran, nr. 72H",Dolha Calin (0735557501),,,1,noutati_ong_adapost,,"Sursă: registru-caini.ro | URL județ: https://registru-caini.ro/adaposturi/alba/ | fingerprint=alba|adapost cfs primaria aiud|str. tribun tudoran, nr. 72h | Capacitate: 55; Program: Luni – Vineri: 08.00 – 16.00",ready
,0724060511,adapost,adpub,,,ADAPOST PRIMARIA BLAJ,,Alba,Blaj,ADAPOST PRIMARIA BLAJ,,,,,"Blaj, str. Clujului, FN",Pacurar Claudiu (0724060511),,,1,noutati_ong_adapost,,"Sursă: registru-caini.ro | URL județ: https://registru-caini.ro/adaposturi/alba/ | fingerprint=alba|adapost primaria blaj|blaj, str. clujului, fn | Capacitate: 25; Program: Luni – Vineri: 08.00 – 16.00",ready
adapost.caini@gcarad.ro,0257214211,adapost,adpub,,,ADAPOST GOSPODARIREA COMUNALA  ARAD  S.A.,,Arad,Arad,ADAPOST GOSPODARIREA COMUNALA  ARAD  S.A.,,,,,"Municipiul Arad, Str. Bodogului 5A","Dr. Cana Paula , Milancovici Andreea (0257214211, 0752022227; )",,,1,noutati_ong_adapost,,"Sursă: registru-caini.ro | URL județ: https://registru-caini.ro/adaposturi/arad/ | fingerprint=arad|adapost gospodarirea comunala arad s.a.|municipiul arad, str. bodogului 5a | Capacitate: 400 cap.; Program: Luni – Vineri: 08.00 – 18.00, Sambata: 09:00 – 11:00",ready
maria.voicu@smeura-mobilevet.com,0733929351,adapost,adprv,,,https://www.facebook.com/groups/1353899724763346/posts/2026758054144173/,,Argeș,Moşoaia,https://www.facebook.com/groups/1353899724763346/posts/2026758054144173/,,,,,"Comuna Moşoaia, sat Smeura, calea Dragasani nr. 286",Voicu Anamaria 0733929351,,,,noutati_ong_adapost,,"Sursă: registru-caini.ro | URL județ: https://registru-caini.ro/adaposturi/arges/ | fingerprint=arges|https://www.facebook.com/groups/1353899724763346/posts/2026758054144173/|comuna mosoaia, sat smeura, calea dragasani nr. 286 | Capacitate: 7000 cap.; Program: Luni – Vineri: 08.00 – 14.00",ready
,0723399222,adapost,adprv,,,Facebook,,Argeș,Mun. Curtea de Arges,Facebook,,,,,"Mun. Curtea de Arges, str. Oborului nr 5",Lungu Razvan (0723399222),,,,noutati_ong_adapost,,"Sursă: registru-caini.ro | URL județ: https://registru-caini.ro/adaposturi/arges/ | fingerprint=arges|facebook|mun. curtea de arges, str. oborului nr 5 | Capacitate: 158 capete; Program: Luni – Vineri: 10.00 – 12.00",ready
adapostcainicdearges@yahoo.com,0751224900,adapost,adpub,,,Facebook,,Argeș,Curtea de Argeş,Facebook,,,,,"Municipiul Curtea de Argeş, str. Victoriei nr. 102 S",Parker Mariana – 0751224900,,,1,noutati_ong_adapost,,"Sursă: registru-caini.ro | URL județ: https://registru-caini.ro/adaposturi/arges/ | fingerprint=arges|facebook|municipiul curtea de arges, str. victoriei nr. 102 s | Capacitate: 250 cap.; Program: Luni – Vineri: 08.00 – 16.00 Sâmbătă 08.00 – 12.00",ready
,0736002557,adapost,adpub,,,"http://sedcmioveni.ro/index.php/ecarisaj , https://ro-ro.facebook.com/ServiciiEdilitareMioveni/",,Argeș,Mioveni,"http://sedcmioveni.ro/index.php/ecarisaj , https://ro-ro.facebook.com/ServiciiEdilitareMioveni/",,,,,"Loc. Mioveni, Cartierul Racovita, punct Valea Popii",Elisei Anişoara 0736002557,,,1,noutati_ong_adapost,,"Sursă: registru-caini.ro | URL județ: https://registru-caini.ro/adaposturi/arges/ | fingerprint=arges|http://sedcmioveni.ro/index.php/ecarisaj , https://ro-ro.facebook.com/serviciiedilitaremioveni/|loc. mioveni, cartierul racovita, punct valea popii | Capacitate: 650 cap.; Program: Luni – Vineri: 10.00 – 14.00, S-D: 10.00-12.00",ready
,0752171918,adapost,adprv,,,–,,Argeș,Valea Danului sat Borobanesti Curtea de Arges,–,,,,,Comuna Valea Danului sat Borobanesti Curtea de Arges,Grigorescu Ion – 0752171918,,,,noutati_ong_adapost,,Sursă: registru-caini.ro | URL județ: https://registru-caini.ro/adaposturi/arges/ | fingerprint=arges|–|comuna valea danului sat borobanesti curtea de arges | Capacitate: 120 cap.; Program: Luni – Vineri: 09.00 – 12.00,ready
biobazapitesti@yahoo.ro,0733030343,adapost,adpub,,,–,,Argeș,Moşoaia,–,,,,,"Comuna Moşoaia, sat Smeura",Preda Stefan 0733030343,,,1,noutati_ong_adapost,,"Sursă: registru-caini.ro | URL județ: https://registru-caini.ro/adaposturi/arges/ | fingerprint=arges|–|comuna mosoaia, sat smeura | Capacitate: 2300 cap.; Program: Luni – Joi: 08.00 – 14.00",ready
,0752668513,adapost,adprv,,,https://facebook.com/profile.php?id=100071513074212,,Argeș,CAMPULUNG,https://facebook.com/profile.php?id=100071513074212,,,,,"MUNICIPIUL CAMPULUNG, DN 73C, NR. 2",DAJA LUCIA MAGDALENA; 0752668513,,,,noutati_ong_adapost,,"Sursă: registru-caini.ro | URL județ: https://registru-caini.ro/adaposturi/arges/ | fingerprint=arges|https://facebook.com/profile.php?id=100071513074212|municipiul campulung, dn 73c, nr. 2 | Capacitate: 800 cap.; Program: Luni – Vineri 12.00 – 14.00",ready
,0755705238,adapost,adprv,,,www.ong-labute-cda.ro,,Argeș,Mun.Curtea de Argeș,www.ong-labute-cda.ro,,,,,"Mun.Curtea de Argeș, Str Locotenent Pavelescu Nr 23Z, punct Ogoare",Constantinescu Mădălin – Ion 0755705238,,,,noutati_ong_adapost,,"Sursă: registru-caini.ro | URL județ: https://registru-caini.ro/adaposturi/arges/ | fingerprint=arges|www.ong-labute-cda.ro|mun.curtea de arges, str locotenent pavelescu nr 23z, punct ogoare | Capacitate: 235 cap.; Program: Luni- Vineri: 11-13",ready
,0723399222,adapost,adprv,,,Facebook Asociatia Sprijinul Animalelor,,Argeș,Argeseni,Facebook Asociatia Sprijinul Animalelor,,,,,"Loc. Argeseni, com. Baiculesti, nr. 30",Lungu Razvan (0723399222),,,,noutati_ong_adapost,,"Sursă: registru-caini.ro | URL județ: https://registru-caini.ro/adaposturi/arges/ | fingerprint=arges|facebook asociatia sprijinul animalelor|loc. argeseni, com. baiculesti, nr. 30 | Capacitate: 495 cap.; Program: Luni- Vineri: 10-12",ready
,0234547427,adapost,adpub,,,ADAPOST PRIMĂRIA MUNICIPIULUI BACĂU – Serviciul de Gestionare al Câinilor fără Stăpân,,Bacău,Bacău,ADAPOST PRIMĂRIA MUNICIPIULUI BACĂU – Serviciul de Gestionare al Câinilor fără Stăpân,,,,,"Municipiul Bacău, Str. Republicii, nr. 181",Dinu Mihai Pancescu (0234547427),,,1,noutati_ong_adapost,,"Sursă: registru-caini.ro | URL județ: https://registru-caini.ro/adaposturi/bacau/ | fingerprint=bacau|adapost primaria municipiului bacau – serviciul de gestionare al cainilor fara stapan|municipiul bacau, str. republicii, nr. 181 | Capacitate: 1437 cap.; Program: Luni – Vineri: 10.00 – 12.00",ready
cainifarastapan@dpponesti.ro,0770362501,adapost,adpub,,,ADAPOST CONSILIUL LOCAL ONEŞTI – S.C. Domeniul Public şi Privat S.A.,,Bacău,Oneşti,ADAPOST CONSILIUL LOCAL ONEŞTI – S.C. Domeniul Public şi Privat S.A.,,,,,"Municipiul Oneşti, Calea Bacăului nr. 10","Calin Ochian Mihaela (0770362501, )",,,1,noutati_ong_adapost,,"Sursă: registru-caini.ro | URL județ: https://registru-caini.ro/adaposturi/bacau/ | fingerprint=bacau|adapost consiliul local onesti – s.c. domeniul public si privat s.a.|municipiul onesti, calea bacaului nr. 10 | Capacitate: 600 cap.; Program: Luni – Vineri: 10.00 – 14.00",ready
,0234363680,adapost,adpub,,,ADAPOST,,Bacău,Moineşti,ADAPOST,,,,,"Municipiul Moineşti, str. Păcurari fn",Agache Iustin Ionel (0234363680),,,1,noutati_ong_adapost,,"Sursă: registru-caini.ro | URL județ: https://registru-caini.ro/adaposturi/bacau/ | fingerprint=bacau|adapost|municipiul moinesti, str. pacurari fn | Capacitate: 200 cap.; Program: Luni – Joi: 10.00 – 14.00, Vineri: 10.00 – 12.00",ready
utilconseca@yahoo.com,0371395202,adapost,adpub,,,ADAPOST TARGU OCNA – SC UTIL CONSECA SRL,,Bacău,Oraş Tg. Ocna,ADAPOST TARGU OCNA – SC UTIL CONSECA SRL,,,,,"Oraş Tg. Ocna, str. Costache Negri, FN","Lucaci Stefan; (0371395202, )",,,1,noutati_ong_adapost,,"Sursă: registru-caini.ro | URL județ: https://registru-caini.ro/adaposturi/bacau/ | fingerprint=bacau|adapost targu ocna – sc util conseca srl|oras tg. ocna, str. costache negri, fn | Capacitate: 76 cap.; Program: Luni – Vineri: 09.00 – 10.00",ready
asociatia.lupiitineri@yahoo.com,0754348584,adapost,adprv,,,ADĂPOST CÂINI FĂRĂ STĂPÂN BUHUŞI – Asociaţia Lupii Tineri,,Bacău,Oraş Buhuşi,ADĂPOST CÂINI FĂRĂ STĂPÂN BUHUŞI – Asociaţia Lupii Tineri,,,,,"Oraş Buhuşi, Str. Libertăţii, nr. 36",Alupoaiei Iulian 0754348584,,,,noutati_ong_adapost,,"Sursă: registru-caini.ro | URL județ: https://registru-caini.ro/adaposturi/bacau/ | fingerprint=bacau|adapost caini fara stapan buhusi – asociatia lupii tineri|oras buhusi, str. libertatii, nr. 36 | Capacitate: 170 cap.; Program: Luni – Vineri: 08.00 – 16.00",ready
,0740050702,adapost,adprv,,,ADAPOST ASOCIAŢIA SUFLETUL MEU,,Bacău,Oraş Comăneşti,ADAPOST ASOCIAŢIA SUFLETUL MEU,,,,,"Oraş Comăneşti, Str. Fagului FN",Tudor Daniela 0740050702,,,,noutati_ong_adapost,,"Sursă: registru-caini.ro | URL județ: https://registru-caini.ro/adaposturi/bacau/ | fingerprint=bacau|adapost asociatia sufletul meu|oras comanesti, str. fagului fn | Capacitate: 1000 cap.; Program: Luni – Vineri: 08.00 – 16.00; Sambata: 08:00-13:00",ready
,,adapost,adprv,,,ADAPOST ASOCIATIA NO LIMIT PETS,,Bacău,Strada Veseliei,ADAPOST ASOCIATIA NO LIMIT PETS,,,,,"Strada Veseliei, nr. 60, sat Galbeni, Comuna Filipesti",Suciu Florin (0746 385 854),,,,noutati_ong_adapost,,"Sursă: registru-caini.ro | URL județ: https://registru-caini.ro/adaposturi/bacau/ | fingerprint=bacau|adapost asociatia no limit pets|strada veseliei, nr. 60, sat galbeni, comuna filipesti | Capacitate: 350 cap.; Program: Luni-Vineri: 10.00-12.00",ready
,,adapost,adpub,,,ADAPOST PRIMARIA  SASCUT,,Bacău,localitatea: Sascut,ADAPOST PRIMARIA  SASCUT,,,,,"localitatea: Sascut, comuna: Sascut, strada: Epurarii, nr.1","Avanu Catatina- tet:07,14888488-e-mail: avanu.catatina@gmait. com",,,1,noutati_ong_adapost,,"Sursă: registru-caini.ro | URL județ: https://registru-caini.ro/adaposturi/bacau/ | fingerprint=bacau|adapost primaria sascut|localitatea: sascut, comuna: sascut, strada: epurarii, nr.1 | Capacitate: 400 cap.; Program: Luni-Vineri: 08.00-17.00",ready
secretariat@adporadea.ro,0733055533,adapost,adpub,,,ADAPOST A.D.P. S.A. ORADEA,,Bihor,Oradea,ADAPOST A.D.P. S.A. ORADEA,,,,,"Municipiul Oradea, str. Corneliu BABA nr. 19","Liviu Andrica (0733055533, )",,,1,noutati_ong_adapost,,"Sursă: registru-caini.ro | URL județ: https://registru-caini.ro/adaposturi/bihor/ | fingerprint=bihor|adapost a.d.p. s.a. oradea|municipiul oradea, str. corneliu baba nr. 19 | Capacitate: 200 cap.; Program: Luni – Vineri: 08.00 – 16.00, Sâmbătă: 10.00 – 14.00",ready
office@sosdogs.ro,0723656621,adapost,adprv,,,– SUSPENDAT TEMPORAR,,Bihor,Cetariu,– SUSPENDAT TEMPORAR,,,,,"Comuna Cetariu, sat Şişterea nr. 370",Lazăr Carol 0723656621,,,,noutati_ong_adapost,,"Sursă: registru-caini.ro | URL județ: https://registru-caini.ro/adaposturi/bihor/ | fingerprint=bihor|– suspendat temporar|comuna cetariu, sat sisterea nr. 370 | Capacitate: 440 cap.; Program: Luni – Vineri: 08.00 – 16.00",ready
,0740688123,adapost,adprv,,,ADAPOST ASOCIATIA ACTIVE FRIENDS FOR PEOPLE AND DOGS,,Bihor,Tamaseu,ADAPOST ASOCIATIA ACTIVE FRIENDS FOR PEOPLE AND DOGS,,,,,"loc. Tamaseu, 379/A",Stana Dorin Cristian – 0740688123,,,,noutati_ong_adapost,,"Sursă: registru-caini.ro | URL județ: https://registru-caini.ro/adaposturi/bihor/ | fingerprint=bihor|adapost asociatia active friends for people and dogs|loc. tamaseu, 379/a | Capacitate: 50; Program: Luni – Vineri intre orele 8,00-16,00",ready
,0359412712,adapost,adpub,,,ADAPOST ADMINISTRATIA DOMENIULUI PUBLIC BEIUS,,Bihor,mun. Beius,ADAPOST ADMINISTRATIA DOMENIULUI PUBLIC BEIUS,,,,,"mun. Beius, str. Crisului, nr. 39/A",Ardelean Calin (0359412712),,,1,noutati_ong_adapost,,"Sursă: registru-caini.ro | URL județ: https://registru-caini.ro/adaposturi/bihor/ | fingerprint=bihor|adapost administratia domeniului public beius|mun. beius, str. crisului, nr. 39/a | Capacitate: 28 cap.; Program: L – V: 08.00 – 16.00",ready
,0259362001,adapost,adpub,,,ADAPOST MUNICIPIUL MARGHITA,,Bihor,Oraş Marghita,ADAPOST MUNICIPIUL MARGHITA,,,,,"Oraş Marghita, nr. cadastral 105337",Marcel Emil Sas Adascalitei (0259362001),,,1,noutati_ong_adapost,,"Sursă: registru-caini.ro | URL județ: https://registru-caini.ro/adaposturi/bihor/ | fingerprint=bihor|adapost municipiul marghita|oras marghita, nr. cadastral 105337 | Capacitate: 28 cap.; Program: luni – vineri 08:00 – 16:00",ready
,0259342539,adapost,adpub,,,ADAPOST  CFS PRIMARIA ALESD,,Bihor,Alesd,ADAPOST  CFS PRIMARIA ALESD,,,,,"Alesd, str. Emil Palade, nr 11/B",Todoca Ioan (0259342539),,,1,noutati_ong_adapost,,"Sursă: registru-caini.ro | URL județ: https://registru-caini.ro/adaposturi/bihor/ | fingerprint=bihor|adapost cfs primaria alesd|alesd, str. emil palade, nr 11/b | Capacitate: 50 cap.; Program: luni – vineri 08:00 – 16:00",ready
,0259373243,adapost,adpub,,,ADAPOST  MUNICIPIUL SALONTA,,Bihor,Mun. Salonta,ADAPOST  MUNICIPIUL SALONTA,,,,,"Mun. Salonta, str. Ghestului, FN",Szijjarto Iosif Zoltan (0259373243),,,1,noutati_ong_adapost,,"Sursă: registru-caini.ro | URL județ: https://registru-caini.ro/adaposturi/bihor/ | fingerprint=bihor|adapost municipiul salonta|mun. salonta, str. ghestului, fn | Capacitate: 28 cap.; Program: luni – vineri 08:00 – 16:00",ready
dis_bistrita@primariabistrita.ro,0263216202,adapost,adpub,,,"einherzfuerstreuner.de , facebook – adapostul public bistrita",,Bistrița-Năsăud,Bistriţa,"einherzfuerstreuner.de , facebook – adapostul public bistrita",,,,,"Municipiul Bistriţa, str. Simpozionului nr. 2","Cristian Tetcu; (0263216202, )",,,1,noutati_ong_adapost,,"Sursă: registru-caini.ro | URL județ: https://registru-caini.ro/adaposturi/bistrita-nasaud/ | fingerprint=bistrita-nasaud|einherzfuerstreuner.de , facebook – adapostul public bistrita|municipiul bistrita, str. simpozionului nr. 2 | Capacitate: 120; Program: Luni – vineri: 10.00 – 14.00",ready
alex@armehundeseelen.com,0746100205,adapost,adpub,,,www.armehundeseelen.com,,Bistrița-Năsăud,Oraş Năsăud,www.armehundeseelen.com,,,,,"Oraş Năsăud, str. Podirei nr. 14A",Alexandra Stefan Tel. 0746100205; office@armehundeseelen sau,,,1,noutati_ong_adapost,,"Sursă: registru-caini.ro | URL județ: https://registru-caini.ro/adaposturi/bistrita-nasaud/ | fingerprint=bistrita-nasaud|www.armehundeseelen.com|oras nasaud, str. podirei nr. 14a | Capacitate: 75; Program: Luni – Duminica: 10.00 – 12.00, 16 – 18",ready
info@1dogatatimerescue.org,0754848203,adapost,adprv,,,https://www.1dogatatimerescue.org/,,Bistrița-Năsăud,Sieusi Magherus,https://www.1dogatatimerescue.org/,,,,,"Com. Sieusi Magherus, sat Crainimat, fn",Rozina Bachner (0754848203; ),,,,noutati_ong_adapost,,"Sursă: registru-caini.ro | URL județ: https://registru-caini.ro/adaposturi/bistrita-nasaud/ | fingerprint=bistrita-nasaud|https://www.1dogatatimerescue.org/|com. sieusi magherus, sat crainimat, fn | Capacitate: 50; Program: Luni – Dum: 09.00 – 12.00",ready
pipo_animals@yahoo.com,0742404352,adapost,adprv,,,https://www.facebook.com/pipoanimals/,,Bistrița-Năsăud,Budacu de Jos,https://www.facebook.com/pipoanimals/,,,,,"Com. Budacu de Jos, loc. Monariu, nr. 112","Gherman Alina (0742404352, )",,,,noutati_ong_adapost,,"Sursă: registru-caini.ro | URL județ: https://registru-caini.ro/adaposturi/bistrita-nasaud/ | fingerprint=bistrita-nasaud|https://www.facebook.com/pipoanimals/|com. budacu de jos, loc. monariu, nr. 112 | Capacitate: 80; Program: Luni – Vineri: 10.00 – 14.00",ready
,0331710613,adapost,adpub,,,https://ro-ro.facebook.com/dspsabt/,,Botoșani,Str. I.C. Brătianu,https://ro-ro.facebook.com/dspsabt/,,,,,"Str. I.C. Brătianu, FN, Municipiul Botoşani Responsabil adopţii: Airinei Lavinia Irina 0331710613, (secretariat@polivalenta.ro)",,,,1,noutati_ong_adapost,,"Sursă: registru-caini.ro | URL județ: https://registru-caini.ro/adaposturi/botosani/ | fingerprint=botosani|https://ro-ro.facebook.com/dspsabt/|str. i.c. bratianu, fn, municipiul botosani responsabil adoptii: airinei lavinia irina 0331710613, (secretariat@polivalenta.ro) | Capacitate: 960; Program: Luni – Vineri: 10.00 – 18.00",ready
,0231552727,adapost,adpub,,,Facebook – padoc flamanzi,,Botoșani,Oras Flămânzi,Facebook – padoc flamanzi,,,,,"Oras Flămânzi, str. Aviator Comandor Berbunschi Dumitru, FN",Anofriesei Mihai 0231552727,,,1,noutati_ong_adapost,,"Sursă: registru-caini.ro | URL județ: https://registru-caini.ro/adaposturi/botosani/ | fingerprint=botosani|facebook – padoc flamanzi|oras flamanzi, str. aviator comandor berbunschi dumitru, fn | Capacitate: 30; Program: Luni – Vineri: 10.00 – 18.00",ready
,0745908551,adapost,adprv,,,https://www.facebook.com/people/Asociatia-ADOR-Botosani/100064786399629/,,Botoșani,Stauceni,https://www.facebook.com/people/Asociatia-ADOR-Botosani/100064786399629/,,,,,"Comuna Stauceni, PC 14, extravilan",Andrisan Dana (0745908551),,,,noutati_ong_adapost,,"Sursă: registru-caini.ro | URL județ: https://registru-caini.ro/adaposturi/botosani/ | fingerprint=botosani|https://www.facebook.com/people/asociatia-ador-botosani/100064786399629/|comuna stauceni, pc 14, extravilan | Capacitate: 290; Program: Luni – Vineri: 10.00 – 18.00",ready
spldorohoi@yahoo.com,0231610199,adapost,adpub,,,Adăpost,,Botoșani,Dorohoi,Adăpost,,,,,"Dorohoi, str. Sf Ioan Romanul, FN","Nita Cristian (0231610199, )",,,1,noutati_ong_adapost,,"Sursă: registru-caini.ro | URL județ: https://registru-caini.ro/adaposturi/botosani/ | fingerprint=botosani|adapost|dorohoi, str. sf ioan romanul, fn | Capacitate: 160; Program: Luni – Vineri: 10.00 – 18.00",ready
spgabv@yahoo.com,0268543815,adapost,adpub,,,ADAPOST SPGA CONSILIUL LOCAL BRASOV,,Brașov,Brașov,ADAPOST SPGA CONSILIUL LOCAL BRASOV,,,,,"Municipiul Brașov, str. Merilor nr. 6",Buse Florina/Anghel Sabina 0268543815,,,1,noutati_ong_adapost,,"Sursă: registru-caini.ro | URL județ: https://registru-caini.ro/adaposturi/brasov/ | fingerprint=brasov|adapost spga consiliul local brasov|municipiul brasov, str. merilor nr. 6 | Capacitate: 350; Program: Luni – Vineri: 09.00 – 16.00 / S-D 08.00-12.00",ready
oana.david@millionsoffriends.org,0268471202,adapost,adprv,,,ADAPOST ASOCIATIA “MILIOANE DE PRIETENI” BRASOV,,Brașov,Braşov,ADAPOST ASOCIATIA “MILIOANE DE PRIETENI” BRASOV,,,,,"Municipiul Braşov, str. Timis Triaj, nr. 20",David Ioana 0268471202,,,,noutati_ong_adapost,,"Sursă: registru-caini.ro | URL județ: https://registru-caini.ro/adaposturi/brasov/ | fingerprint=brasov|adapost asociatia “milioane de prieteni” brasov|municipiul brasov, str. timis triaj, nr. 20 | Capacitate: 350; Program: Luni – Vineri: 08.00 – 12.00",ready
dpmpa_bv@yahoo.com,0723211448,adapost,adprv,,,ADAPOST DMPA CODLEA,,Brașov,Codlea,ADAPOST DMPA CODLEA,,,,,"Municipiul Codlea, str. Hălchiului nr. 101",Codruz Maria Luiza 0723211448,,,,noutati_ong_adapost,,"Sursă: registru-caini.ro | URL județ: https://registru-caini.ro/adaposturi/brasov/ | fingerprint=brasov|adapost dmpa codlea|municipiul codlea, str. halchiului nr. 101 | Capacitate: 290; Program: Luni – Duminică: 10.00 – 14.00",ready
carefordogsro@gmail.com,0743077303,adapost,adprv,,,ADAPOST ASOCIATIA CARE FOR DOGS,,Brașov,Prejmer,ADAPOST ASOCIATIA CARE FOR DOGS,,,,,"Prejmer, dj 112, Brasov",Botea Delia 0743077303,,,,noutati_ong_adapost,,"Sursă: registru-caini.ro | URL județ: https://registru-caini.ro/adaposturi/brasov/ | fingerprint=brasov|adapost asociatia care for dogs|prejmer, dj 112, brasov | Capacitate: 550; Program: Luni – Vineri: 12.00 – 14.00",ready
supaglbraila@gmail.com,0756044408,adapost,adpub,,,ADAPOST UNIREA – Primăria Municipiului Brăila,,Brăila,Unirea,ADAPOST UNIREA – Primăria Municipiului Brăila,,,,,"Comuna Unirea, judeţul Brăila",Podaru Andi 0756044408,,,1,noutati_ong_adapost,,"Sursă: registru-caini.ro | URL județ: https://registru-caini.ro/adaposturi/braila/ | fingerprint=braila|adapost unirea – primaria municipiului braila|comuna unirea, judetul braila | Capacitate: 450; Program: Luni – Vineri: 12.00 – 15.00",ready
dsp_ianca@yahoo.com,0239668806,adapost,adpub,,,ADAPOST IANCA – Consiliul Local Ianca,,Brăila,Oraş Ianca,ADAPOST IANCA – Consiliul Local Ianca,,,,,"Oraş Ianca, str. Fabricii nr. 13",Dumitrache Anca 0239668806,,,1,noutati_ong_adapost,,"Sursă: registru-caini.ro | URL județ: https://registru-caini.ro/adaposturi/braila/ | fingerprint=braila|adapost ianca – consiliul local ianca|oras ianca, str. fabricii nr. 13 | Capacitate: 70; Program: Luni – Vineri: 07.00 – 09.00",ready
,0769675451,adapost,adprv,,,ADAPOST ASOCIATIA PHOENIX DOGS,,Brăila,Lacu Sarat,ADAPOST ASOCIATIA PHOENIX DOGS,,,,,"Sat Lacu Sarat, Str. Garii, Braila",Vladescu Marin (0769675451),,,,noutati_ong_adapost,,"Sursă: registru-caini.ro | URL județ: https://registru-caini.ro/adaposturi/braila/ | fingerprint=braila|adapost asociatia phoenix dogs|sat lacu sarat, str. garii, braila | Capacitate: 400 caini, 50 pisici; Program: Luni – Vineri: 12.00 – 14.00",ready
pawsoflove2020@yahoo.com,0769675451,adapost,adprv,,,ADAPOST ASOCIATIA PAWS OF LOVE,,Brăila,Oras Insuratei,ADAPOST ASOCIATIA PAWS OF LOVE,,,,,"Oras Insuratei, Str. Vlaicu Voda, nr. 17",Vlădescu Marin Gherase (tel. 0769675451),,,,noutati_ong_adapost,,"Sursă: registru-caini.ro | URL județ: https://registru-caini.ro/adaposturi/braila/ | fingerprint=braila|adapost asociatia paws of love|oras insuratei, str. vlaicu voda, nr. 17 | Capacitate: 400 caini, 50 pisici; Program: 12:00 – 14:00",ready
,0744278698,adapost,adprv,,,ADAPOST ASOCIATIA PAWS PARADISE,,Brăila,Oras Insuratei,ADAPOST ASOCIATIA PAWS PARADISE,,,,,"Oras Insuratei, Str. Vlaicu Voda, nr. 13","Vladescu Violeta, tel. 0744278698",,,,noutati_ong_adapost,,"Sursă: registru-caini.ro | URL județ: https://registru-caini.ro/adaposturi/braila/ | fingerprint=braila|adapost asociatia paws paradise|oras insuratei, str. vlaicu voda, nr. 13 | Capacitate: 100 caini, 50 pisici; Program: 12:00 – 14:00",ready
alina.custura@yahoo.com,0767216661,adapost,adprv,,,ADAPOST Asociația ”Bark4life”,,Brăila,Braila,ADAPOST Asociația ”Bark4life”,,,,,"Braila, Calea Galati nr. 385-387","Custura Gina (0767216661, )",,,,noutati_ong_adapost,,"Sursă: registru-caini.ro | URL județ: https://registru-caini.ro/adaposturi/braila/ | fingerprint=braila|adapost asociatia ”bark4life”|braila, calea galati nr. 385-387 | Capacitate: 350 caini si 15 pisici; Program: 12:00 – 14:00",ready
office@urbis-serv.ro,0238715151,adapost,adpub,,,ADAPOST SC URBIS SERV SRL – Consiliul Local Buzău,,Buzău,Buzau,ADAPOST SC URBIS SERV SRL – Consiliul Local Buzău,,,,,"Buzau, str. Rachitei 92A",dr. Popa Adrian 0238715151,,,1,noutati_ong_adapost,,"Sursă: registru-caini.ro | URL județ: https://registru-caini.ro/adaposturi/buzau/ | fingerprint=buzau|adapost sc urbis serv srl – consiliul local buzau|buzau, str. rachitei 92a | Capacitate: 387; Program: Luni – Vineri: 10.00 – 18.00",ready
adporas@yahoo.com,0238563032,adapost,adpub,,,ADAPOST CFS – Consiliul Local Râmnicu Sărat,,Buzău,Str. Armoniei,ADAPOST CFS – Consiliul Local Râmnicu Sărat,,,,,"Str. Armoniei, nr. 58 bis, Municipiul Râmnicu Sărat",Nechifor Gheorghe 0238563032,,,1,noutati_ong_adapost,,"Sursă: registru-caini.ro | URL județ: https://registru-caini.ro/adaposturi/buzau/ | fingerprint=buzau|adapost cfs – consiliul local ramnicu sarat|str. armoniei, nr. 58 bis, municipiul ramnicu sarat | Capacitate: 160; Program: Luni – Vineri: 10.00 – 18.00",ready
,0740033872,adapost,adprv,,,ADAPOST ASOCIATIA PENTRU PROTECTIA ANIMALELOR SF. FRANCISC D ASSISI,,Buzău,Buzau,ADAPOST ASOCIATIA PENTRU PROTECTIA ANIMALELOR SF. FRANCISC D ASSISI,,,,,"Buzau, soseaua Sloboziei, punct Serdinanca",dr. Doana Valentin (0740033872),,,,noutati_ong_adapost,,"Sursă: registru-caini.ro | URL județ: https://registru-caini.ro/adaposturi/buzau/ | fingerprint=buzau|adapost asociatia pentru protectia animalelor sf. francisc d assisi|buzau, soseaua sloboziei, punct serdinanca | Capacitate: 30; Program: Luni – Vineri 10.00 – 18.00",ready
miciipatrupezi_blanosi@yahoo.com,0787239053,adapost,adprv,,,ADAPOST ASOCIATIA MICII PATRUPEZI BLANOSI,,Buzău,Smeeni,ADAPOST ASOCIATIA MICII PATRUPEZI BLANOSI,,,,,Smeeni,Scriba Andrei Nicolae (0787239053),,,,noutati_ong_adapost,,Sursă: registru-caini.ro | URL județ: https://registru-caini.ro/adaposturi/buzau/ | fingerprint=buzau|adapost asociatia micii patrupezi blanosi|smeeni | Capacitate: 170; Program: Luni-Vineri 10.00 – 14.00,ready
intretinere.patrimoniu@primariaresita.ro,0727812172,adapost,adpub,,,ADAPOST SERV. PUBL. – PRIMARIA RESITA,,Caraș-Severin,Reşiţa,ADAPOST SERV. PUBL. – PRIMARIA RESITA,,,,,"Municipiul Reşiţa, str.Lupacului F.N.","Ionascu Oana (0727812172, )",,,1,noutati_ong_adapost,,"Sursă: registru-caini.ro | URL județ: https://registru-caini.ro/adaposturi/caras-severin/ | fingerprint=caras-severin|adapost serv. publ. – primaria resita|municipiul resita, str.lupacului f.n. | Capacitate: 236; Program: Luni – Vineri: 09.00 – 15.00",ready
propetasociationa@gmail.com,0764188188,adapost,adprv,,,ADAPOST ASOCIAŢIA PT. PROTECŢIA ANIMALELOR PRO PET,,Caraș-Severin,Mehadia 1131,ADAPOST ASOCIAŢIA PT. PROTECŢIA ANIMALELOR PRO PET,,,,,loc. Mehadia 1131,"Stoica Lascar (0764188188, )",,,,noutati_ong_adapost,,"Sursă: registru-caini.ro | URL județ: https://registru-caini.ro/adaposturi/caras-severin/ | fingerprint=caras-severin|adapost asociatia pt. protectia animalelor pro pet|loc. mehadia 1131 | Capacitate: 700; Program: Luni – Vineri: 08.30 – 17.30, S-D: 08.30 – 14.00",ready
gospodaria_bocsa@yahoo.com,0355412076,adapost,adpub,,,ADAPOST SERV. PUBL. – PRIMARIA BOCSA,,Caraș-Severin,Str. Ezerisului,ADAPOST SERV. PUBL. – PRIMARIA BOCSA,,,,,"Str. Ezerisului, FN",Ciorogariu Mario 0355412076,,,1,noutati_ong_adapost,,"Sursă: registru-caini.ro | URL județ: https://registru-caini.ro/adaposturi/caras-severin/ | fingerprint=caras-severin|adapost serv. publ. – primaria bocsa|str. ezerisului, fn | Capacitate: 60; Program: Luni – Vineri: 11.00 – 18.00",ready
bgcoravita@yahoo.com,0776111809,adapost,adpub,,,ADAPOST ORAVITA –  NEAUTORIZAT,,Caraș-Severin,Oraş Oraviţa,ADAPOST ORAVITA –  NEAUTORIZAT,,,,,"Oraş Oraviţa, varianta ocolitoare, FN","Trihenea Gheorghe Adrian (07761118090, 0772062413 )",,,1,noutati_ong_adapost,,"Sursă: registru-caini.ro | URL județ: https://registru-caini.ro/adaposturi/caras-severin/ | fingerprint=caras-severin|adapost oravita – neautorizat|oras oravita, varianta ocolitoare, fn | Capacitate: 180; Program: Luni – Vineri: 10.00 – 14.00",ready
contact@primariamoldovanoua.ro,0766531600,adapost,adpub,,,ADAPOST PRIMARIA MOLDOVA NOUA,,Caraș-Severin,Moldova Noua,ADAPOST PRIMARIA MOLDOVA NOUA,,,,,"Moldova Noua, Zona Varand-CF-30624",Scânteie Constantin (0522540997/0766531600),,,1,noutati_ong_adapost,,"Sursă: registru-caini.ro | URL județ: https://registru-caini.ro/adaposturi/caras-severin/ | fingerprint=caras-severin|adapost primaria moldova noua|moldova noua, zona varand-cf-30624 | Capacitate: 85; Program: Luni – Vineri: 10.00 – 12.00",ready
asociatiahkr@gmail.com,0747612112,adapost,adprv,,,ADAPOST ASOCIATIA SHKR PENTRU PROTECTIA ANIMALELOR,,Caraș-Severin,Otelu Rosu CF 35003,ADAPOST ASOCIATIA SHKR PENTRU PROTECTIA ANIMALELOR,,,,,Otelu Rosu CF 35003,Kaupp Tanja Emanuela (0747612112),,,,noutati_ong_adapost,,Sursă: registru-caini.ro | URL județ: https://registru-caini.ro/adaposturi/caras-severin/ | fingerprint=caras-severin|adapost asociatia shkr pentru protectia animalelor|otelu rosu cf 35003 | Capacitate: 200; Program: Luni – Dum: 11.00 – 14.00,ready
standpunkt.ro@yahoo.com,0731659930,adapost,adprv,,,ADAPOST ASOCIATIA STANDPUNKT,,Caraș-Severin,DN 57B,ADAPOST ASOCIATIA STANDPUNKT,,,,,"DN 57B, Plopa/Crivina FN",Mulcuța Teodora (0731659930),,,,noutati_ong_adapost,,"Sursă: registru-caini.ro | URL județ: https://registru-caini.ro/adaposturi/caras-severin/ | fingerprint=caras-severin|adapost asociatia standpunkt|dn 57b, plopa/crivina fn | Capacitate: 70; Program: Luni – Dum: 10:00 – 14.00",ready
adapostcaransebes@yahoo.com,0726593909,adapost,adpub,,,ADAPOST CFS PRIMARIA CARANSEBES,,Caraș-Severin,Str Valea Mare 108 C,ADAPOST CFS PRIMARIA CARANSEBES,,,,,"Str Valea Mare 108 C, Valea Cenchii",Păsărescu Mircea (0726593909),,,1,noutati_ong_adapost,,"Sursă: registru-caini.ro | URL județ: https://registru-caini.ro/adaposturi/caras-severin/ | fingerprint=caras-severin|adapost cfs primaria caransebes|str valea mare 108 c, valea cenchii | Capacitate: 30; Program: Luni – Vineri: 08.00 – 16.00",ready
dmspmc@primariacalarasi.ro,0242313300,adapost,adpub,,,ADAPOST SERV. PUBL. CFS – CALARASI,,Călărași,Strada Varianta Nord nr. 36 E,ADAPOST SERV. PUBL. CFS – CALARASI,,,,,"Strada Varianta Nord nr. 36 E, Municipiul Călăraşi",Neagu Marin – 0242313300,,,1,noutati_ong_adapost,,"Sursă: registru-caini.ro | URL județ: https://registru-caini.ro/adaposturi/calarasi/ | fingerprint=calarasi|adapost serv. publ. cfs – calarasi|strada varianta nord nr. 36 e, municipiul calarasi | Capacitate: 300; Program: Luni – Joi: 08.30 – 15.00, Vineri: 08.30 – 12.30",ready
contact@primariaoltenita.ro,0242515770,adapost,adpub,,,ADAPOST SERV. PUBL. CFS – OLTENITA,,Călărași,Utr 81,ADAPOST SERV. PUBL. CFS – OLTENITA,,,,,"Utr 81, tarla 124 Oltenita","Dobre Nicoleta (0242515770, )",,,1,noutati_ong_adapost,,"Sursă: registru-caini.ro | URL județ: https://registru-caini.ro/adaposturi/calarasi/ | fingerprint=calarasi|adapost serv. publ. cfs – oltenita|utr 81, tarla 124 oltenita | Capacitate: 120; Program: Luni – Vineri: 08.00 – 12.00",ready
cgcfs@centru-caini.radpcj.ro,0264415788,adapost,adpub,,,ADAPOST CGCFS CLUJ – NAPOCA,,Cluj,Cluj Napoca,ADAPOST CGCFS CLUJ – NAPOCA,,,,,"Municipiul Cluj Napoca, str. Bobalnei, nr. 65","dr. Mioara Macrinici, 0264415788",,,1,noutati_ong_adapost,,"Sursă: registru-caini.ro | URL județ: https://registru-caini.ro/adaposturi/cluj/ | fingerprint=cluj|adapost cgcfs cluj – napoca|municipiul cluj napoca, str. bobalnei, nr. 65 | Capacitate: 312; Program: Luni – Vineri: 07.00 – 15.00, Miercuri: 07.00 – 17.00, S-D: 09.00-11.00",ready
,0757110332,adapost,adpub,,,SC ADP GHERLA SA  – in proces de reautorizare,,Cluj,Gherla,SC ADP GHERLA SA  – in proces de reautorizare,,,,,"Municipiul Gherla, str. Gelu, FN",dr. Roxana Dobocan 0757110332,,,1,noutati_ong_adapost,,"Sursă: registru-caini.ro | URL județ: https://registru-caini.ro/adaposturi/cluj/ | fingerprint=cluj|sc adp gherla sa – in proces de reautorizare|municipiul gherla, str. gelu, fn | Capacitate: 200; Program: Luni – Vineri: 07.00 – 15.00",ready
,0726106003,adapost,adpub,,,ADAPOST PRIMARIA DEJ – suspendat,,Cluj,Dej,ADAPOST PRIMARIA DEJ – suspendat,,,,,"Municipiul Dej, strada Salciilor, FN",Stanca Gherman (0726106003),,,1,noutati_ong_adapost,,"Sursă: registru-caini.ro | URL județ: https://registru-caini.ro/adaposturi/cluj/ | fingerprint=cluj|adapost primaria dej – suspendat|municipiul dej, strada salciilor, fn | Capacitate: 180; Program: Luni – Dum: 08.00 – 16.00",ready
,0724081204,adapost,adprv,,,SC NOVAVET SRL TURDA – ACTIVITATE SUSPENDATA,,Cluj,Turda,SC NOVAVET SRL TURDA – ACTIVITATE SUSPENDATA,,,,,"Municipiul Turda, strada Bogata, nr. 12",dr. Dunca Mircea 0724081204,,,,noutati_ong_adapost,,"Sursă: registru-caini.ro | URL județ: https://registru-caini.ro/adaposturi/cluj/ | fingerprint=cluj|sc novavet srl turda – activitate suspendata|municipiul turda, strada bogata, nr. 12 | Capacitate: 60",ready
,0754934053,adapost,adprv,,,ADAPOST AOCIATIA PENTRU PROTECTIA ANIMALELOR CEZAR,,Cluj,Huedin,ADAPOST AOCIATIA PENTRU PROTECTIA ANIMALELOR CEZAR,,,,,"Loc. Huedin, str. Izvorului, FN",Cristea Laura (0754934053),,,,noutati_ong_adapost,,"Sursă: registru-caini.ro | URL județ: https://registru-caini.ro/adaposturi/cluj/ | fingerprint=cluj|adapost aociatia pentru protectia animalelor cezar|loc. huedin, str. izvorului, fn | Capacitate: 220; Program: Luni – Dum: 10.00 – 14.00",ready
,0741637297,adapost,,,,ADAPOST ACT4PETS LOGISTICS SRL,,Cluj,Târgusor,ADAPOST ACT4PETS LOGISTICS SRL,,,,,"sat Târgusor, com Sînmartin, nr.71, jud. Cluj","Zoicaș David, 0741637297",,,,noutati_ong_adapost,,"Sursă: registru-caini.ro | URL județ: https://registru-caini.ro/adaposturi/cluj/ | fingerprint=cluj|adapost act4pets logistics srl|sat targusor, com sinmartin, nr.71, jud. cluj | Capacitate: 140",ready
savethedogs@cernavoda.ro,0721612987,adapost,adprv,,,urmedebucurie.ro,,Constanța,Oraş Cernavodă,urmedebucurie.ro,,,,,"Oraş Cernavodă, extravilan, V6/11, lot 1, DJ 223, km 2",Manea Andreea 0721612987,,,,noutati_ong_adapost,,"Sursă: registru-caini.ro | URL județ: https://registru-caini.ro/adaposturi/constanta/ | fingerprint=constanta|urmedebucurie.ro|oras cernavoda, extravilan, v6/11, lot 1, dj 223, km 2 | Capacitate: 500 caini, 50 pisici; Program: Luni – Vineri: 09.00 – 17.00",ready
,0786291707,adapost,adprv,,,Facebook – Ionela Carneluta,,Constanța,Ovidiu,Facebook – Ionela Carneluta,,,,,"Ovidiu, str. Lanului 6A",Carneluta Ionela (0786291707),,,,noutati_ong_adapost,,"Sursă: registru-caini.ro | URL județ: https://registru-caini.ro/adaposturi/constanta/ | fingerprint=constanta|facebook – ionela carneluta|ovidiu, str. lanului 6a | Capacitate: 50; Program: Luni – Vineri: 14.00 – 16.00",ready
,0770277520,adapost,adprv,,,Facebook – RespectPet,,Constanța,Oraş Ovidiu,Facebook – RespectPet,,,,,"Oraş Ovidiu, Str. Portului, nr. 36D bis",Ionela Cirnu (0770277520),,,,noutati_ong_adapost,,"Sursă: registru-caini.ro | URL județ: https://registru-caini.ro/adaposturi/constanta/ | fingerprint=constanta|facebook – respectpet|oras ovidiu, str. portului, nr. 36d bis | Capacitate: 120; Program: Luni – Vineri: 14.00 – 16.00",ready
primariaharsova@yahoo.com,0786806310,adapost,adpub,,,https://primaria-harsova.ro/,,Constanța,Oraş Hârşova,https://primaria-harsova.ro/,,,,,"Oraş Hârşova, Str. Decebal, Nr. 1","Tepes Catalin (0786806310, )",,,1,noutati_ong_adapost,,"Sursă: registru-caini.ro | URL județ: https://registru-caini.ro/adaposturi/constanta/ | fingerprint=constanta|https://primaria-harsova.ro/|oras harsova, str. decebal, nr. 1 | Capacitate: 40; Program: Luni – Vineri: 08.00 – 16.00",ready
medlovet8@gmail.com,0754851304,adapost,adpub,,,https://www.facebook.com/adoptiicainimangalia/,,Constanța,Mangalia,https://www.facebook.com/adoptiicainimangalia/,,,,,"loc. Mangalia, str. Serban Cioculescu, nr. 1","Buturuga Loredana (0754851304, )",,,1,noutati_ong_adapost,,"Sursă: registru-caini.ro | URL județ: https://registru-caini.ro/adaposturi/constanta/ | fingerprint=constanta|https://www.facebook.com/adoptiicainimangalia/|loc. mangalia, str. serban cioculescu, nr. 1 | Capacitate: 70; Program: Luni – Vineri: 10.00 – 12.00",ready
andramanolache2005@yahoo.com,0728651600,adapost,adprv,,,www.doggylandfamily.ro,,Constanța,str. Pescarilor 36 – loc. Topraiser,www.doggylandfamily.ro,,,,,str. Pescarilor 36 – loc. Topraiser,"Manolache Alexandra (0728651600, )",,,,noutati_ong_adapost,,Sursă: registru-caini.ro | URL județ: https://registru-caini.ro/adaposturi/constanta/ | fingerprint=constanta|www.doggylandfamily.ro|str. pescarilor 36 – loc. topraiser | Capacitate: 40; Program: Luni – Vineri: 10.00 – 16.00,ready
ana.eftinca@primaria-constanta.ro,0733568993,adapost,adpub,,,Facebook – adapostul public de animale abandonate,,Constanța,Constanta,Facebook – adapostul public de animale abandonate,,,,,"Constanta, str. Campul cu Flori, nr. 11","Eftinca Anamaria (0733568993, )",,,1,noutati_ong_adapost,,"Sursă: registru-caini.ro | URL județ: https://registru-caini.ro/adaposturi/constanta/ | fingerprint=constanta|facebook – adapostul public de animale abandonate|constanta, str. campul cu flori, nr. 11 | Capacitate: 521; Program: Luni, Marti, Miercuri, Vineri 10.00-14.00 / Joi 09.30-17.30",ready
primarie@primariabaraolt.ro,0727327536,adapost,adpub,,,ADAPOST CONSILIUL LOCAL – BARAOLT,,Covasna,Oraş Baraolt,ADAPOST CONSILIUL LOCAL – BARAOLT,,,,,"Oraş Baraolt, strada Kossuth Lajos nr. 255",Beke Arpad 0727327536,,,1,noutati_ong_adapost,,"Sursă: registru-caini.ro | URL județ: https://registru-caini.ro/adaposturi/covasna/ | fingerprint=covasna|adapost consiliul local – baraolt|oras baraolt, strada kossuth lajos nr. 255 | Capacitate: 15; Program: Luni – Vineri: 07.30 – 15.30",ready
menhely_adapost@tega.ro,0769065095/0732717185,adapost,adpub,,,ADAPOST SGCFS SFANTU GHEORGHE,,Covasna,Câmpul Frumos,ADAPOST SGCFS SFANTU GHEORGHE,,,,,"Câmpul Frumos, FN, corp D","Balázsi-Bardocz Csaba, Simon Agnes Juluia (0769065095/0732717185, )",,,1,noutati_ong_adapost,,"Sursă: registru-caini.ro | URL județ: https://registru-caini.ro/adaposturi/covasna/ | fingerprint=covasna|adapost sgcfs sfantu gheorghe|campul frumos, fn, corp d | Capacitate: 145; Program: Luni – Vineri: 09.00 – 16.00, S -D: 10.00 – 16.00",ready
allatvedelem.kezdi@gmail.com,0728266502,adapost,adprv,,,ADAPOST ASOCIATIA BENJI – TG. SECUIESC,,Covasna,Târgu Secuiesc,ADAPOST ASOCIATIA BENJI – TG. SECUIESC,,,,,"Municipiul Târgu Secuiesc, strada Gării FN",Forro Bela 0728266502,,,,noutati_ong_adapost,,"Sursă: registru-caini.ro | URL județ: https://registru-caini.ro/adaposturi/covasna/ | fingerprint=covasna|adapost asociatia benji – tg. secuiesc|municipiul targu secuiesc, strada garii fn | Capacitate: 110; Program: Luni – Vineri: 10.00 – 18.00 / S-D 10.00-14.00",ready
,0267340001,adapost,adpub,,,ADAPOST PRIMARIA ORASULUI COVASNA,,Covasna,Covasna,ADAPOST PRIMARIA ORASULUI COVASNA,,,,,"Covasna, str. Mikszath Kalman, nr. 14",Ghioane Mihai (0267340001),,,1,noutati_ong_adapost,,"Sursă: registru-caini.ro | URL județ: https://registru-caini.ro/adaposturi/covasna/ | fingerprint=covasna|adapost primaria orasului covasna|covasna, str. mikszath kalman, nr. 14 | Capacitate: 7 cap.; Program: Luni – Vineri: 10.00 – 18.00",ready
directiadesalubritate@yahoo.com,0245611222,adapost,adpub,,,ADAPOST PRIMARIA MUN. TARGOVISTE,,Dâmbovița,Aninoasa,ADAPOST PRIMARIA MUN. TARGOVISTE,,,,,Comuna Aninoasa,dr. Popescu Ioana 0245611222,,,1,noutati_ong_adapost,,Sursă: registru-caini.ro | URL județ: https://registru-caini.ro/adaposturi/dambovita/ | fingerprint=dambovita|adapost primaria mun. targoviste|comuna aninoasa | Capacitate: 138; Program: Luni – Vineri: 10.00 – 14.00,ready
corina.codrut@ps2.ro,,adapost,adpub,,,ADAPOST PRIMARIA SECTOR 2 BUCURESTI,,Dâmbovița,Butimanu,ADAPOST PRIMARIA SECTOR 2 BUCURESTI,,,,,"Comuna Butimanu, Tarla 68, Parcela 501",Codrut Andreea Corina 026980840,,,1,noutati_ong_adapost,,"Sursă: registru-caini.ro | URL județ: https://registru-caini.ro/adaposturi/dambovita/ | fingerprint=dambovita|adapost primaria sector 2 bucuresti|comuna butimanu, tarla 68, parcela 501 | Capacitate: 280; Program: Luni – Duminica: 10.00 – 16.00",ready
sanda_andrei@yahoo.com,0723567131,adapost,adprv,,,FUNDATIA P.P.A COLT ALB,,Dâmbovița,Butimanu,FUNDATIA P.P.A COLT ALB,,,,,"Comuna Butimanu, Tarla 68, Parcela 501",Sanda Andrei 0723567131,,,,noutati_ong_adapost,,"Sursă: registru-caini.ro | URL județ: https://registru-caini.ro/adaposturi/dambovita/ | fingerprint=dambovita|fundatia p.p.a colt alb|comuna butimanu, tarla 68, parcela 501 | Capacitate: 100; Program: Luni – Vineri: 10.00 – 14.00",ready
office.sfd@gmail.com,0729806983,adapost,adprv,,,FUNDATIA P.P.A SEMPER FIDELIS DOMUS,,Dâmbovița,Butimanu,FUNDATIA P.P.A SEMPER FIDELIS DOMUS,,,,,"Comuna Butimanu, Tarlaua 78, P 501",Bogza Steliana 0729806983,,,,noutati_ong_adapost,,"Sursă: registru-caini.ro | URL județ: https://registru-caini.ro/adaposturi/dambovita/ | fingerprint=dambovita|fundatia p.p.a semper fidelis domus|comuna butimanu, tarlaua 78, p 501 | Capacitate: 250; Program: L – V: 10.30 – 16.00",ready
psmoreni@yahoo.com,0726498207,adapost,adpub,,,Activitate incheiata la cerere,,Dâmbovița,Mun. Moreni,Activitate incheiata la cerere,,,,,"Mun. Moreni, str. Industriilor",Necsoiu Gabriel (0726498207; ),,,1,noutati_ong_adapost,,"Sursă: registru-caini.ro | URL județ: https://registru-caini.ro/adaposturi/dambovita/ | fingerprint=dambovita|activitate incheiata la cerere|mun. moreni, str. industriilor | Capacitate: 50; Program: Luni – Joi: 15.00 – 16.00, Vineri: 13:00 – 14:00",ready
office@salubritate-craiova.ro,0766371064,adapost,adpub,,,ADAPOST S.C. Salubritate Craiova S.r.l,,Dolj,Craiova,ADAPOST S.C. Salubritate Craiova S.r.l,,,,,"Craiova, Tarlaua 44, NP 311",Truta Marius (0766371064; ),,,1,noutati_ong_adapost,,"Sursă: registru-caini.ro | URL județ: https://registru-caini.ro/adaposturi/dolj/ | fingerprint=dolj|adapost s.c. salubritate craiova s.r.l|craiova, tarlaua 44, np 311 | Capacitate: 512; Program: Luni – Vineri: 10.00 – 18.00 / S-D 11.00-13.00",ready
ionbistriceanu1973@gmail.com,0763616295,adapost,adpub,,,ADAPOST PRIMARIA CALAFAT – ADAPOST INCHIS,,Dolj,Mun. Calafat,ADAPOST PRIMARIA CALAFAT – ADAPOST INCHIS,,,,,"Mun. Calafat, str. Nicolae Balcescu, nr. 2",Bistriceanu Ion (0763616295; ),,,1,noutati_ong_adapost,,"Sursă: registru-caini.ro | URL județ: https://registru-caini.ro/adaposturi/dolj/ | fingerprint=dolj|adapost primaria calafat – adapost inchis|mun. calafat, str. nicolae balcescu, nr. 2 | Capacitate: 40; Program: Luni – Vineri: 13.00 – 14.00",ready
ecarisaj@ecosalgl.ro,0336100154/0734113122,adapost,adpub,,,www.ecosalgl.ro,,Galați,Galaţi,www.ecosalgl.ro,,,,,"Municipiul Galaţi, strada Zimbrului, nr. 1","Boldisor Constantin, Birlea Daniel – 0336100154/0734113122",,,1,noutati_ong_adapost,,"Sursă: registru-caini.ro | URL județ: https://registru-caini.ro/adaposturi/galati/ | fingerprint=galati|www.ecosalgl.ro|municipiul galati, strada zimbrului, nr. 1 | Capacitate: 1250; Program: Luni – Vineri: 10.00 – 18.00 / S-D 10.00-12.00",ready
help_labus@yahoo.com,0751024562/0742432156,adapost,adprv,,,www.help-labus.ro,,Galați,Galati,www.help-labus.ro,,,,,"Galati, str. Sanzienelor, nr. 82","Corina Grigore, Ana Tataru (0751024562/0742432156",,,,noutati_ong_adapost,,"Sursă: registru-caini.ro | URL județ: https://registru-caini.ro/adaposturi/galati/ | fingerprint=galati|www.help-labus.ro|galati, str. sanzienelor, nr. 82 | Capacitate: 1100; Program: Luni – Vineri: 10.00 – 13.00",ready
roldaro@gmail.com,0748903612,adapost,adprv,,,www.rolda.org,,Galați,Galaţi,www.rolda.org,,,,,"Municipiul Galaţi, extravilan, Tarlaua 594/P4",Costin Elena Daniela 0748903612,,,,noutati_ong_adapost,,"Sursă: registru-caini.ro | URL județ: https://registru-caini.ro/adaposturi/galati/ | fingerprint=galati|www.rolda.org|municipiul galati, extravilan, tarlaua 594/p4 | Capacitate: 600; Program: Luni – Vineri: 13.00 – 14.00",ready
info@savasafehaven.com,0766749680,adapost,adprv,,,"www.savasafehaven.com, Facebook – asociatia savas safe heaven",,Galați,Brăniştea,"www.savasafehaven.com, Facebook – asociatia savas safe heaven",,,,,"Comuna Brăniştea, Tarla 22, Parcela 33","Sava Alexandrina (0766749680, 0766370412, )",,,,noutati_ong_adapost,,"Sursă: registru-caini.ro | URL județ: https://registru-caini.ro/adaposturi/galati/ | fingerprint=galati|www.savasafehaven.com, facebook – asociatia savas safe heaven|comuna branistea, tarla 22, parcela 33 | Capacitate: 250; Program: Zilnic, pe baza de programare telefonica",ready
sendreniifo@yahoo.com,0743235440,adapost,adpub,,,Facebook,,Galați,Sendreni,Facebook,,,,,"Com. Sendreni, Sat Sendreni, str. Parau Obreja nr 29","Avadanii Gabriela Roxana (0743235440, )",,,1,noutati_ong_adapost,,"Sursă: registru-caini.ro | URL județ: https://registru-caini.ro/adaposturi/galati/ | fingerprint=galati|facebook|com. sendreni, sat sendreni, str. parau obreja nr 29 | Capacitate: 170; Program: Luni – Dum: 10.00 – 13.00",ready
lecavasilebogdan@gmail.com,0747915353,adapost,adprv,,,https://www.facebook.com/CHRPetTransport/,,Galați,Dobrinesti,https://www.facebook.com/CHRPetTransport/,,,,,"Sat Dobrinesti, Com. Nicoresti, str. Primar Emil Constantinescu nr 93","Leca Bogdan (0747915353, )",,,,noutati_ong_adapost,,"Sursă: registru-caini.ro | URL județ: https://registru-caini.ro/adaposturi/galati/ | fingerprint=galati|https://www.facebook.com/chrpettransport/|sat dobrinesti, com. nicoresti, str. primar emil constantinescu nr 93 | Capacitate: 320; Program: L – V: 09:00 – 17:00",ready
contact@gslgiurgiu.ro,0246216002,adapost,adpub,,,gslgiurgiu.ro,,Giurgiu,Giurgiu,gslgiurgiu.ro,,,,,"Municipiul Giurgiu, strada Voestalpine P1/P2","Vilcan Elena (, 0246216002)",,,1,noutati_ong_adapost,,"Sursă: registru-caini.ro | URL județ: https://registru-caini.ro/adaposturi/giurgiu/ | fingerprint=giurgiu|gslgiurgiu.ro|municipiul giurgiu, strada voestalpine p1/p2 | Capacitate: 721; Program: Luni – Vineri: 08.00 – 16.00",ready
mihailesti@aspa.ro,0246278787,adapost,adpub,,,www.aspa.ro / https://www.facebook.com/…/Aspa-Mihailesti/,,Giurgiu,Oraş Mihăileşti,www.aspa.ro / https://www.facebook.com/…/Aspa-Mihailesti/,,,,,"Oraş Mihăileşti, strada Complexului nr. 86","Alina Nicoleta Vaitus (0246278787, )",,,1,noutati_ong_adapost,,"Sursă: registru-caini.ro | URL județ: https://registru-caini.ro/adaposturi/giurgiu/ | fingerprint=giurgiu|www.aspa.ro / https://www.facebook.com/.../aspa-mihailesti/|oras mihailesti, strada complexului nr. 86 | Capacitate: 1374; Program: zilnic 10:00 – 16:00",ready
felinavet@yahoo.com,0722376888,adapost,adprv,,,https://www.facebook.com/aspaivets/,,Giurgiu,Sos. Bucuresti – Giurgiu,https://www.facebook.com/aspaivets/,,,,,"Sos. Bucuresti – Giurgiu, nr. 50-100, com. Calugareni, sat Uzunu","Florea Corina (0722376888, )",,,,noutati_ong_adapost,,"Sursă: registru-caini.ro | URL județ: https://registru-caini.ro/adaposturi/giurgiu/ | fingerprint=giurgiu|https://www.facebook.com/aspaivets/|sos. bucuresti – giurgiu, nr. 50-100, com. calugareni, sat uzunu | Capacitate: 1860; Program: L-V: 12-16",ready
handsandpaws18@gmail.com,0767987495,adapost,adprv,,,https://www.facebook.com/share/1DhzMMmYZ2/?mibextid=wwXIfr,,Giurgiu,Săbăreni,https://www.facebook.com/share/1DhzMMmYZ2/?mibextid=wwXIfr,,,,,"Săbăreni, județul Giurgiu (Sola 92, Parcela 655/50 NC 36-371)","Radu Maria Cătălina ( , 0767987495)",,,,noutati_ong_adapost,,"Sursă: registru-caini.ro | URL județ: https://registru-caini.ro/adaposturi/giurgiu/ | fingerprint=giurgiu|https://www.facebook.com/share/1dhzmmmyz2/?mibextid=wwxifr|sabareni, judetul giurgiu (sola 92, parcela 655/50 nc 36-371) | Capacitate: 300; Program: luni-vineri: 14:30- 18:30",ready
,0783384721,adapost,adprv,,,a sjhunedoara.ro,,Gorj,Târgu Jiu,a sjhunedoara.ro,,,,,"Municipiul Târgu Jiu, strada Termocentralei, nr. 27A",Duma Adrian 0783384721,,,,noutati_ong_adapost,,"Sursă: registru-caini.ro | URL județ: https://registru-caini.ro/adaposturi/gorj/ | fingerprint=gorj|a sjhunedoara.ro|municipiul targu jiu, strada termocentralei, nr. 27a | Capacitate: 400; Program: Luni – Vineri: 11.00 – 15.00 / S-D 10.00 – 11.00",ready
,0731406024,adapost,adpub,,,http://directiapublicamotru-sa.ro/,,Gorj,Motru,http://directiapublicamotru-sa.ro/,,,,,"Municipiul Motru, tarlaua 6A, parcela 1, nr cadastral 35668",Mantoc Gheorghe 0731406024,,,1,noutati_ong_adapost,,"Sursă: registru-caini.ro | URL județ: https://registru-caini.ro/adaposturi/gorj/ | fingerprint=gorj|http://directiapublicamotru-sa.ro/|municipiul motru, tarlaua 6a, parcela 1, nr cadastral 35668 | Capacitate: 70; Program: Luni – Vineri: 07.00 – 15.00",ready
serviciipublice2007@yahoo.com,0765485977,adapost,adprv,,,https://ro-ro.facebook.com/SPL.Rovinari/,,Gorj,Oraş Rovinari,https://ro-ro.facebook.com/SPL.Rovinari/,,,,,"Oraş Rovinari, strada Constructorilor, nr. 35 A",Vilau Viorel 0765485977,,,,noutati_ong_adapost,,"Sursă: registru-caini.ro | URL județ: https://registru-caini.ro/adaposturi/gorj/ | fingerprint=gorj|https://ro-ro.facebook.com/spl.rovinari/|oras rovinari, strada constructorilor, nr. 35 a | Capacitate: 260; Program: Luni – Vineri: 08.00 – 16.00",ready
,0766747470,adapost,adpub,,,primariaturceni.ro,,Gorj,Oraş Turceni,primariaturceni.ro,,,,,"Oraş Turceni, str. Muncii, nr. 12",Cioc Petrica Cristinel 0766747470,,,1,noutati_ong_adapost,,"Sursă: registru-caini.ro | URL județ: https://registru-caini.ro/adaposturi/gorj/ | fingerprint=gorj|primariaturceni.ro|oras turceni, str. muncii, nr. 12 | Capacitate: 50; Program: Luni – Vineri: 10.00 – 16.00 / Sâmbătă-Duminică: 10.00 – 12.00",ready
,0722225388,adapost,adprv,,,Adăpost,,Gorj,Mun. Targu Jiu,Adăpost,,,,,"Mun. Targu Jiu, str. Termocentralei, nr. 40A",0722225388,,,,noutati_ong_adapost,,"Sursă: registru-caini.ro | URL județ: https://registru-caini.ro/adaposturi/gorj/ | fingerprint=gorj|adapost|mun. targu jiu, str. termocentralei, nr. 40a | Capacitate: 600",ready
,0722526418,adapost,adpub,,,ADAPOST SERVICIUL SPECIALIZAT PENTRU GESTIONAREA CAINILOR FARA STAPAN AL MUN. MIERCUREA CIUC,,Harghita,Miercurea Ciuc,ADAPOST SERVICIUL SPECIALIZAT PENTRU GESTIONAREA CAINILOR FARA STAPAN AL MUN. MIERCUREA CIUC,,,,,"Municipiul Miercurea Ciuc, strada DN12A, fn, nr. cadastral 63337",Gegő Katalin – 0040722526418,,,1,noutati_ong_adapost,,"Sursă: registru-caini.ro | URL județ: https://registru-caini.ro/adaposturi/harghita/ | fingerprint=harghita|adapost serviciul specializat pentru gestionarea cainilor fara stapan al mun. miercurea ciuc|municipiul miercurea ciuc, strada dn12a, fn, nr. cadastral 63337 | Capacitate: 50; Program: Luni – Vineri: 10.00 – 18.00",ready
proanimaliaoffice@gmail.com,0749416802,adapost,adprv,,,ADAPOST FUNDATIA PRO ANIMALIA (Miercurea Ciuc),,Harghita,Miercurea Ciuc,ADAPOST FUNDATIA PRO ANIMALIA (Miercurea Ciuc),,,,,"Municipiul Miercurea Ciuc, strada DN12A nr. 138D",Gidro Paula 0749416802,,,,noutati_ong_adapost,,"Sursă: registru-caini.ro | URL județ: https://registru-caini.ro/adaposturi/harghita/ | fingerprint=harghita|adapost fundatia pro animalia (miercurea ciuc)|municipiul miercurea ciuc, strada dn12a nr. 138d | Capacitate: 300; Program: Luni – Vineri: 10.00 – 15.00",ready
,0741111839,adapost,adpub,,,ADAPOST CFS – TOPLITA,,Harghita,Topliţa,ADAPOST CFS – TOPLITA,,,,,"Municipiul Topliţa, strada Sportivilor, nr. 50",Buzdugan Florin (0741111839),,,1,noutati_ong_adapost,,"Sursă: registru-caini.ro | URL județ: https://registru-caini.ro/adaposturi/harghita/ | fingerprint=harghita|adapost cfs – toplita|municipiul toplita, strada sportivilor, nr. 50 | Capacitate: 40; Program: Luni – Vineri: 10.00 – 18.00",ready
,0266218383,adapost,adpub,,,ADAPOST PRIMARIA MUN ODORHEIU SECUIESC,,Harghita,Odorheiu Secuiesc,ADAPOST PRIMARIA MUN ODORHEIU SECUIESC,,,,,"Municipiul Odorheiu Secuiesc, F.N.","Ambrus Arnold (0040266218383, 0040266211929)",,,1,noutati_ong_adapost,,"Sursă: registru-caini.ro | URL județ: https://registru-caini.ro/adaposturi/harghita/ | fingerprint=harghita|adapost primaria mun odorheiu secuiesc|municipiul odorheiu secuiesc, f.n. | Capacitate: 88; Program: Luni – Vineri: 10.00 – 18.00",ready
,0740253901,adapost,adprv,,,ADAPOST ASOCIATIA  PENTRU  PROTECTIA  ANIMALELOR  SI  A MEDIULUI  GHEORGHENI,,Harghita,Ditrau,ADAPOST ASOCIATIA  PENTRU  PROTECTIA  ANIMALELOR  SI  A MEDIULUI  GHEORGHENI,,,,,"Com. Ditrau, str. Nicolae Balcescu, nr. 294/D",Jakab Agota Julia (0040740253901),,,,noutati_ong_adapost,,"Sursă: registru-caini.ro | URL județ: https://registru-caini.ro/adaposturi/harghita/ | fingerprint=harghita|adapost asociatia pentru protectia animalelor si a mediului gheorgheni|com. ditrau, str. nicolae balcescu, nr. 294/d | Capacitate: 100; Program: Luni – Vineri: 12.00 – 16.00",ready
,0739856483,adapost,adpub,,,ADAPOST PRIMARIA GHEORGHENI,,Harghita,Mun. Gheorghieni,ADAPOST PRIMARIA GHEORGHENI,,,,,"Mun. Gheorghieni, str. Carierei, nr. 6A",Laszlo Endre (0739856483),,,1,noutati_ong_adapost,,"Sursă: registru-caini.ro | URL județ: https://registru-caini.ro/adaposturi/harghita/ | fingerprint=harghita|adapost primaria gheorgheni|mun. gheorghieni, str. carierei, nr. 6a | Capacitate: 100; Program: Luni – Vineri: 10.00 – 18.00",ready
,0755231373,adapost,adprv,,,ADAPOST ASOCIATIA FRIENDLY ANIMAL SHELTER,,Harghita,Sanpaul,ADAPOST ASOCIATIA FRIENDLY ANIMAL SHELTER,,,,,"sat Sanpaul, com. Martinis, Dj 133, FN","Vass Andras (0755231373, 0755406773)",,,,noutati_ong_adapost,,"Sursă: registru-caini.ro | URL județ: https://registru-caini.ro/adaposturi/harghita/ | fingerprint=harghita|adapost asociatia friendly animal shelter|sat sanpaul, com. martinis, dj 133, fn | Capacitate: 80; Program: Luni – Vineri: 10.00 – 14.00",ready
adapost_hunedoara@yahoo.com,0726018672,adapost,adpub,,,ADAPOST PUBLIC PETROSANI,,Hunedoara,Petrosani,ADAPOST PUBLIC PETROSANI,,,,,"Municipiul Petrosani, strada Mihai Eminescu, nr. 22A",Anghel Loredana Liliana 0726018672,,,1,noutati_ong_adapost,,"Sursă: registru-caini.ro | URL județ: https://registru-caini.ro/adaposturi/hunedoara/ | fingerprint=hunedoara|adapost public petrosani|municipiul petrosani, strada mihai eminescu, nr. 22a | Capacitate: 128; Program: Luni – Vineri: 10.00 – 12.00, S-D 10:00 – 11:00",ready
,0774981832,adapost,adpub,,,ADAPOST SC ECOSERV SRL HUNEDOARA,,Hunedoara,Hunedoara,ADAPOST SC ECOSERV SRL HUNEDOARA,,,,,"Municipiul Hunedoara, strada Rotarilor, nr. 70",Bobaru Petru Mircea 0774981832,,,1,noutati_ong_adapost,,"Sursă: registru-caini.ro | URL județ: https://registru-caini.ro/adaposturi/hunedoara/ | fingerprint=hunedoara|adapost sc ecoserv srl hunedoara|municipiul hunedoara, strada rotarilor, nr. 70 | Capacitate: 156; Program: Luni – Vineri: 10.00 – 18.00, S-D 10-12",ready
orastie@asjhunedoara.ro,0783384724,adapost,adpub,,,ADAPOST ORASTIE – Asociaţia Serviciului Judeţean pentru Ocrotirea Animalelor Fără Stăpân,,Hunedoara,Orăștie,ADAPOST ORASTIE – Asociaţia Serviciului Judeţean pentru Ocrotirea Animalelor Fără Stăpân,,,,,"Municipiul Orăștie, strada Crișan, (zona Zăvoi)","Ghenea Mihai (0783384724, )",,,1,noutati_ong_adapost,,"Sursă: registru-caini.ro | URL județ: https://registru-caini.ro/adaposturi/hunedoara/ | fingerprint=hunedoara|adapost orastie – asociatia serviciului judetean pentru ocrotirea animalelor fara stapan|municipiul orastie, strada crisan, (zona zavoi) | Capacitate: 88; Program: Luni – Vineri: 11.00 – 13.00, S-D 10-11",ready
brad@asjhunedoara.ro,0783384722,adapost,adpub,,,ADAPOST BRAD – Asociaţia Serviciului Judeţean pentru Ocrotirea Animalelor Fără Stăpân,,Hunedoara,Brad,ADAPOST BRAD – Asociaţia Serviciului Judeţean pentru Ocrotirea Animalelor Fără Stăpân,,,,,"Municipiul Brad, strada Dealul Racovei, nr. 4A","Man Florian Vasile (0783384722, )",,,1,noutati_ong_adapost,,"Sursă: registru-caini.ro | URL județ: https://registru-caini.ro/adaposturi/hunedoara/ | fingerprint=hunedoara|adapost brad – asociatia serviciului judetean pentru ocrotirea animalelor fara stapan|municipiul brad, strada dealul racovei, nr. 4a | Capacitate: 120; Program: Luni – Vineri: 11.00 – 13.00 / Sâmbătă/Duminică: 10.00 – 11.00",ready
uricani@asjhunedoara.ro,0783384726,adapost,adpub,,,ADAPOST URICANI – Asociaţia Serviciului Judeţean pentru Ocrotirea Animalelor Fără Stăpân,,Hunedoara,Oraş Uricani,ADAPOST URICANI – Asociaţia Serviciului Judeţean pentru Ocrotirea Animalelor Fără Stăpân,,,,,"Oraş Uricani, Valea de Brazi, strada Tulisa, f.n.","Berchi Carmen; (0783384726, )",,,1,noutati_ong_adapost,,"Sursă: registru-caini.ro | URL județ: https://registru-caini.ro/adaposturi/hunedoara/ | fingerprint=hunedoara|adapost uricani – asociatia serviciului judetean pentru ocrotirea animalelor fara stapan|oras uricani, valea de brazi, strada tulisa, f.n. | Capacitate: 88; Program: Luni – Vineri: 11.00 – 13.00 / Sâmbătă/Duminică: 10.00 – 11.00",ready
calan@asjhunedoara.ro,0783384725,adapost,adpub,,,ADAPOST CALAN – Asociaţia Serviciului Judeţean pentru Ocrotirea Animalelor Fără Stăpân,,Hunedoara,Oraş Călan,ADAPOST CALAN – Asociaţia Serviciului Judeţean pentru Ocrotirea Animalelor Fără Stăpân,,,,,"Oraş Călan, strada Criseni, nr. 15A","Mitroi Oana; (0783384725, )",,,1,noutati_ong_adapost,,"Sursă: registru-caini.ro | URL județ: https://registru-caini.ro/adaposturi/hunedoara/ | fingerprint=hunedoara|adapost calan – asociatia serviciului judetean pentru ocrotirea animalelor fara stapan|oras calan, strada criseni, nr. 15a | Capacitate: 88; Program: Luni – Vineri: 11.00 – 13.00, Sâmbătă/Duminică: 10.00 – 11.00",ready
,0772203525,adapost,adprv,,,ADAPOST ASOCIATIA SUFLETELE NIMANUI,,Hunedoara,Pestisu Mare,ADAPOST ASOCIATIA SUFLETELE NIMANUI,,,,,"Sat Pestisu Mare, nr. 21",Ani Cicalau (0772203525),,,,noutati_ong_adapost,,"Sursă: registru-caini.ro | URL județ: https://registru-caini.ro/adaposturi/hunedoara/ | fingerprint=hunedoara|adapost asociatia sufletele nimanui|sat pestisu mare, nr. 21 | Capacitate: 280; Program: Luni – Duminica: 09.00 – 13.00",ready
,0724379377,adapost,adprv,,,ADAPOST ASOCIATIA BOBITZA ARK,,Hunedoara,Branisca,ADAPOST ASOCIATIA BOBITZA ARK,,,,,"loc. Branisca, nr. 213",Roxana Simion (0724379377),,,,noutati_ong_adapost,,"Sursă: registru-caini.ro | URL județ: https://registru-caini.ro/adaposturi/hunedoara/ | fingerprint=hunedoara|adapost asociatia bobitza ark|loc. branisca, nr. 213 | Capacitate: 100; Program: Luni – Vineri: 10.00 – 13.00, 15:00 – 18:00 / Sâmbătă-Duminică: 10.00 – 13.00, 15:00 – 18:00",ready
deva@asjhunedoara.ro,0783384723,adapost,adpub,,,ADAPOST PUBLIC DEVA – SERVICIUL JUDETEAN PENTRU OCROTIREA CAINILOR FARA STAPAN,,Hunedoara,Santuhalm,ADAPOST PUBLIC DEVA – SERVICIUL JUDETEAN PENTRU OCROTIREA CAINILOR FARA STAPAN,,,,,"Santuhalm, Deva, fn","Iotcu Luminita (0783384723, )",,,1,noutati_ong_adapost,,"Sursă: registru-caini.ro | URL județ: https://registru-caini.ro/adaposturi/hunedoara/ | fingerprint=hunedoara|adapost public deva – serviciul judetean pentru ocrotirea cainilor fara stapan|santuhalm, deva, fn | Capacitate: 128; Program: Luni – Vineri: 11.00 – 13.00, / Sâmbătă-Duminică: 10.00 – 11.00",ready
,0768542112,adapost,adprv,,,ADAPOST ASOCIATIA  ECHIPA  DE  VIS  FULGY,,Hunedoara,Barastii Hategului,ADAPOST ASOCIATIA  ECHIPA  DE  VIS  FULGY,,,,,"loc. Barastii Hategului, nr. cadastral A1, com. Santamaria Orlea",Cisineanu Gabriela (0768542112),,,,noutati_ong_adapost,,"Sursă: registru-caini.ro | URL județ: https://registru-caini.ro/adaposturi/hunedoara/ | fingerprint=hunedoara|adapost asociatia echipa de vis fulgy|loc. barastii hategului, nr. cadastral a1, com. santamaria orlea | Capacitate: 72; Program: Luni – Vineri: 12.00 – 14.00, / Sâmbătă-Duminică: 12.00 – 13.00",ready
,0773973215,adapost,adprv,,,ADAPOST ASOCIATIA  ANIMALUTELE  CRINEI-MARIA,,Hunedoara,Totia,ADAPOST ASOCIATIA  ANIMALUTELE  CRINEI-MARIA,,,,,"localitatea Totia, Extravilan CF 62422, comuna Băcia",Sturza Crina Maria (0773973215),,,,noutati_ong_adapost,,"Sursă: registru-caini.ro | URL județ: https://registru-caini.ro/adaposturi/hunedoara/ | fingerprint=hunedoara|adapost asociatia animalutele crinei-maria|localitatea totia, extravilan cf 62422, comuna bacia | Capacitate: 200 caini, 60 pisici; Program: Luni – Vineri: 16.00 – 18.00, / Sâmbătă-Duminică: 14.00 – 16.00",ready
,0723238082,adapost,adprv,,,ADAPOST ASOCIATIA  LUPY,,Hunedoara,Orăștie,ADAPOST ASOCIATIA  LUPY,,,,,"Municipiul Orăștie, zona Baraj-Zăvoi, CF 62885, județul Hunedoara.","Petric Gabriel, Tel. 0723238082",,,,noutati_ong_adapost,,"Sursă: registru-caini.ro | URL județ: https://registru-caini.ro/adaposturi/hunedoara/ | fingerprint=hunedoara|adapost asociatia lupy|municipiul orastie, zona baraj-zavoi, cf 62885, judetul hunedoara. | Capacitate: 75; Program: Luni – Vineri: 09.00 – 13.00, / Sâmbătă-Duminică: 10.00 – 11.00",ready
,0726658184,adapost,adpub,,,ADAPOST CONSILIUL LOCAL AMARA,,Ialomița,Amara,ADAPOST CONSILIUL LOCAL AMARA,,,,,"Amara, DN 193, tarlaua 48, parcela 247 – in incinta Oborului Orasenesc Amara",Bratu Gheorghe (0726658184),,,1,noutati_ong_adapost,,"Sursă: registru-caini.ro | URL județ: https://registru-caini.ro/adaposturi/ialomita/ | fingerprint=ialomita|adapost consiliul local amara|amara, dn 193, tarlaua 48, parcela 247 – in incinta oborului orasenesc amara | Capacitate: 88; Program: Luni – Vineri: 08.00 – 16.00, Sâmbătă/Duminică: 08.00 – 12.00",ready
dadp@municipiulslobozia.ro,0243235496,adapost,adpub,,,ADAPOST – CONSILIUL LOCAL MUN. SLOBOZIA,,Ialomița,Slobozia,ADAPOST – CONSILIUL LOCAL MUN. SLOBOZIA,,,,,"Municipiul Slobozia, str. Gării nr. 56",Badarau Dumitru 0243235496,,,1,noutati_ong_adapost,,"Sursă: registru-caini.ro | URL județ: https://registru-caini.ro/adaposturi/ialomita/ | fingerprint=ialomita|adapost – consiliul local mun. slobozia|municipiul slobozia, str. garii nr. 56 | Capacitate: 92; Program: Luni – Vineri: 07.30 – 16.30 /",ready
serviciul_adp@yahoo.com,0787614355,adapost,adpub,,,ADAPOST – SADP TANDAREI,,Ialomița,Oraş Ţăndărei,ADAPOST – SADP TANDAREI,,,,,"Oraş Ţăndărei, str. Bucureşti, nr. 275",Chioveanu Săndel 0787614355,,,1,noutati_ong_adapost,,"Sursă: registru-caini.ro | URL județ: https://registru-caini.ro/adaposturi/ialomita/ | fingerprint=ialomita|adapost – sadp tandarei|oras tandarei, str. bucuresti, nr. 275 | Capacitate: 120; Program: Luni – Joi: 07.00 – 16.00, Vineri: 07.00 – 13.00",ready
dadpfetesti@yahoo.com,0343401660,adapost,adpub,,,ADAPOST Consiliul Local Fetești,,Ialomița,Oraş Feteşti,ADAPOST Consiliul Local Fetești,,,,,"Oraş Feteşti, strada Călăraşi nr. 547A",Gheorghe Ana Alina (0343401660; ),,,1,noutati_ong_adapost,,"Sursă: registru-caini.ro | URL județ: https://registru-caini.ro/adaposturi/ialomita/ | fingerprint=ialomita|adapost consiliul local fetesti|oras fetesti, strada calarasi nr. 547a | Capacitate: 82; Program: Luni – Vineri: 08.00 – 16.00",ready
adapostmunicipaliasi@gmail.com,0729292826,adapost,adpub,,,ADAPOST SC SOCIETATEA SALUBRIS SA – Primăria Municipiului Iaşi,,Iași,Șoseaua Iaşi – Tomeşti (DN 28 Iași – Albiţa) Km 1-2,ADAPOST SC SOCIETATEA SALUBRIS SA – Primăria Municipiului Iaşi,,,,,Șoseaua Iaşi – Tomeşti (DN 28 Iași – Albiţa) Km 1-2,"dr. Tărăboanţă Anca (0729292826; , )",,,1,noutati_ong_adapost,,Sursă: registru-caini.ro | URL județ: https://registru-caini.ro/adaposturi/iasi/ | fingerprint=iasi|adapost sc societatea salubris sa – primaria municipiului iasi|soseaua iasi – tomesti (dn 28 iasi – albita) km 1-2 | Capacitate: 1700; Program: Luni – Vineri: 10.00 – 18.00 / Sâmbătă – Duminică: 10.00 – 14.00,ready
apistopvet@gmail.com,0742082482,adapost,adprv,,,ADAPOST PASCANI SC APISTOP VET SRL,,Iași,Cristesti,ADAPOST PASCANI SC APISTOP VET SRL,,,,,"sat Cristesti, com. Cristesti",Radu Lucian (0742082482 ),,,,noutati_ong_adapost,,"Sursă: registru-caini.ro | URL județ: https://registru-caini.ro/adaposturi/iasi/ | fingerprint=iasi|adapost pascani sc apistop vet srl|sat cristesti, com. cristesti | Capacitate: 500; Program: Luni – Vineri: 10.00 – 18.00, S-D: 10-14",ready
asociatiahelpourpaws.ong@gmail.com,0742392273,adapost,adprv,,,ADAPOST ASOCIATIA  SAVE OUR  PAWS,,Iași,Poieni,ADAPOST ASOCIATIA  SAVE OUR  PAWS,,,,,"sat Poieni, com. Schitu Duca","dr. Stratulat Emma (0742392273, )",,,,noutati_ong_adapost,,"Sursă: registru-caini.ro | URL județ: https://registru-caini.ro/adaposturi/iasi/ | fingerprint=iasi|adapost asociatia save our paws|sat poieni, com. schitu duca | Capacitate: 112; Program: Luni – Vineri: 09.00 – 17.00",ready
adapostcaini@primariamiroslava.ro,0746396051,adapost,adpub,,,ADAPOST SC SERVICII PUBLICE MIROSLAVA,,Iași,Valea Adanca,ADAPOST SC SERVICII PUBLICE MIROSLAVA,,,,,"sat Valea Adanca, com. Miroslava, nr. cadastral 76345","Olariu Georgiana Lacramioara (0232 463614, 0746396051, )",,,1,noutati_ong_adapost,,"Sursă: registru-caini.ro | URL județ: https://registru-caini.ro/adaposturi/iasi/ | fingerprint=iasi|adapost sc servicii publice miroslava|sat valea adanca, com. miroslava, nr. cadastral 76345 | Capacitate: 225; Program: Luni – Vineri: 10.00 – 16.00",ready
tiby_23@yahoo.com,0721117665,adapost,adpub,,,adoptailfov.ro,,Ilfov,Com Branesti,adoptailfov.ro,,,,,"Com Branesti, sat Islaz, str. Fermelor, nr. 51","Belous Tiberiu (0721117665, )",,,1,noutati_ong_adapost,,"Sursă: registru-caini.ro | URL județ: https://registru-caini.ro/adaposturi/ilfov/ | fingerprint=ilfov|adoptailfov.ro|com branesti, sat islaz, str. fermelor, nr. 51 | Capacitate: 276; Program: Luni – Vineri: 09.00 – 16.00",ready
bragadiru@aspa.ro,0734301394,adapost,adpub,,,www.aspa.ro / https://www.facebook.com/aspabragadiru/,,Ilfov,Oraş Bragadiru,www.aspa.ro / https://www.facebook.com/aspabragadiru/,,,,,"Oraş Bragadiru, E 70, (incinta penitenciarului Bucureşti – Rahova)",Mara Marnas (0734301394; ),,,1,noutati_ong_adapost,,"Sursă: registru-caini.ro | URL județ: https://registru-caini.ro/adaposturi/ilfov/ | fingerprint=ilfov|www.aspa.ro / https://www.facebook.com/aspabragadiru/|oras bragadiru, e 70, (incinta penitenciarului bucuresti – rahova) | Capacitate: 1527; Program: M – S: 10.00 – 16.00",ready
reludeliu@yahoo.com,0723343915,adapost,adprv,,,https://adapostulsperanta.ro/,,Ilfov,Oraș Popești-Leordeni,https://adapostulsperanta.ro/,,,,,"Oraș Popești-Leordeni, Tarlaua 3, Parcela 7","Deliu Aurelian (0723343915, )",,,,noutati_ong_adapost,,"Sursă: registru-caini.ro | URL județ: https://registru-caini.ro/adaposturi/ilfov/ | fingerprint=ilfov|https://adapostulsperanta.ro/|oras popesti-leordeni, tarlaua 3, parcela 7 | Capacitate: 380; Program: Luni – Vineri: 10.00 – 14.00 / Sâmbătă-Duminică: 10.00 – 12.00",ready
,0766509676,adapost,adprv,,,Facebook – Adapost Canin Mogosoaia,,Ilfov,Mogoșoaia,Facebook – Adapost Canin Mogosoaia,,,,,"Comuna Mogoșoaia, strada Morii, nr. 9",Sarbu Ioana (0766509676),,,,noutati_ong_adapost,,"Sursă: registru-caini.ro | URL județ: https://registru-caini.ro/adaposturi/ilfov/ | fingerprint=ilfov|facebook – adapost canin mogosoaia|comuna mogosoaia, strada morii, nr. 9 | Capacitate: 300; Program: Luni – Vineri: 10.30 – 14.30",ready
pantazi_ionut@yahoo.com,0721260634,adapost,adprv,,,Adăpost,,Ilfov,Baloteşti,Adăpost,,,,,"Comuna Baloteşti, Sos. Bucureşti – Ploiești Km. 21, in incinta ICDCB Balotesti","Pantazi Radu (0721260634, )",,,,noutati_ong_adapost,,"Sursă: registru-caini.ro | URL județ: https://registru-caini.ro/adaposturi/ilfov/ | fingerprint=ilfov|adapost|comuna balotesti, sos. bucuresti – ploiesti km. 21, in incinta icdcb balotesti | Capacitate: 260; Program: Luni – Vineri: 12.00 – 16.00",ready
corina.condrut@ps2.ro,0768173388,adapost,adpub,,,adapostanimale.pentrusectorul2.ro,,Ilfov,Cernica,adapostanimale.pentrusectorul2.ro,,,,,"Comuna Cernica, sat Tânganu, Str. Nicolae Iorga, nr. 31",Codrut Andreea Corina (0768173388; ),,,1,noutati_ong_adapost,,"Sursă: registru-caini.ro | URL județ: https://registru-caini.ro/adaposturi/ilfov/ | fingerprint=ilfov|adapostanimale.pentrusectorul2.ro|comuna cernica, sat tanganu, str. nicolae iorga, nr. 31 | Capacitate: 404; Program: Luni – Dum: 11.00 – 13.00",ready
vetevolution@yahoo.com,0785370001,adapost,adprv,,,https://www.facebook.com/Vet-Evolution-114864220344328,,Ilfov,Oraș Măgurele,https://www.facebook.com/Vet-Evolution-114864220344328,,,,,"Oraș Măgurele, loc. Varteju, strada Eclipsei, nr. 7",Marin Maria (0785370001; ),,,,noutati_ong_adapost,,"Sursă: registru-caini.ro | URL județ: https://registru-caini.ro/adaposturi/ilfov/ | fingerprint=ilfov|https://www.facebook.com/vet-evolution-114864220344328|oras magurele, loc. varteju, strada eclipsei, nr. 7 | Capacitate: 256; Program: Luni – Vineri: 10.00 – 14.00 / Sâmbătă: 09.00 – 12.00",ready
ioanacasetti@gmail.com,0723541420,adapost,adprv,,,https://www.facebook.com/Adapost-Mogosoaia-CNPA-990041951029080/ http://mogosoaia.animapro.org/,,Ilfov,Mogoșoaia,https://www.facebook.com/Adapost-Mogosoaia-CNPA-990041951029080/ http://mogosoaia.animapro.org/,,,,,"Comuna Mogoșoaia, str. Muzelor, nr. 1",Ioana Ionescu (0723541420; ),,,,noutati_ong_adapost,,"Sursă: registru-caini.ro | URL județ: https://registru-caini.ro/adaposturi/ilfov/ | fingerprint=ilfov|https://www.facebook.com/adapost-mogosoaia-cnpa-990041951029080/ http://mogosoaia.animapro.org/|comuna mogosoaia, str. muzelor, nr. 1 | Capacitate: 200; Program: Luni – Dum: 08.00 – 14.00",ready
cainifarastapanbuftea@yahoo.ro,0746206286,adapost,adpub,,,www.primariabuftea.ro,,Ilfov,Oraş Buftea,www.primariabuftea.ro,,,,,"Oraş Buftea, strada Rândunelelor, nr. 51",Mirea Daniel (0746206286; ),,,1,noutati_ong_adapost,,"Sursă: registru-caini.ro | URL județ: https://registru-caini.ro/adaposturi/ilfov/ | fingerprint=ilfov|www.primariabuftea.ro|oras buftea, strada randunelelor, nr. 51 | Capacitate: 380; Program: Luni – Dum: 11.00 – 12.00",ready
murgu.alina_m@yahoo.com,0727042942,adapost,adprv,,,Facebook – Suflete Dragi,,Ilfov,Vidra,Facebook – Suflete Dragi,,,,,"com. Vidra, sat Sintesti, str. Linia Viilor 1, tarla 9, parcela 74/4/4",Murgu Alina (0727042942; ),,,,noutati_ong_adapost,,"Sursă: registru-caini.ro | URL județ: https://registru-caini.ro/adaposturi/ilfov/ | fingerprint=ilfov|facebook – suflete dragi|com. vidra, sat sintesti, str. linia viilor 1, tarla 9, parcela 74/4/4 | Capacitate: 280 caini, 40 pisici; Program: Luni – Vineri: 10.00 – 12.00",ready
alex.all4dogs@yahoo.com,0751017223,adapost,adprv,,,Facebook – Tails 4 travel,,Ilfov,oras Pantelimon,Facebook – Tails 4 travel,,,,,"oras Pantelimon, sos. Cernica, nr. 7-9","Postelnicu Alexandru 0751017223; (, )",,,,noutati_ong_adapost,,"Sursă: registru-caini.ro | URL județ: https://registru-caini.ro/adaposturi/ilfov/ | fingerprint=ilfov|facebook – tails 4 travel|oras pantelimon, sos. cernica, nr. 7-9 | Capacitate: 170 caini, 30 pisici; Program: Luni – Vineri: 09.00 – 16.00",ready
un.catalina@yahoo.com,0742760573,adapost,adprv,,,hopeforcatasstrays.org,,Ilfov,Tunari,hopeforcatasstrays.org,,,,,"Tunari, fn, tarla 24, parcela 120/7/1",Voicu Nicoleta 0742760573,,,,noutati_ong_adapost,,"Sursă: registru-caini.ro | URL județ: https://registru-caini.ro/adaposturi/ilfov/ | fingerprint=ilfov|hopeforcatasstrays.org|tunari, fn, tarla 24, parcela 120/7/1 | Capacitate: 300 caini, 25 pisici; Program: Luni – Vineri: 10.00 – 14.00",ready
grigoreta-mares@yahoo.com,0726282622,adapost,adprv,,,www.helpinganimalsromania.de,,Ilfov,Ilfov Buftea,www.helpinganimalsromania.de,,,,,"Ilfov Buftea, strl Rasaritului nr 29",Gerlinde Weimmer 0726282622,,,,noutati_ong_adapost,,"Sursă: registru-caini.ro | URL județ: https://registru-caini.ro/adaposturi/ilfov/ | fingerprint=ilfov|www.helpinganimalsromania.de|ilfov buftea, strl rasaritului nr 29 | Capacitate: 200 caini, 50 pisici; Program: Luni – Vineri: 12.00 – 16.00",ready
bohonimonika@yahoo.com,0743114488,adapost,adpub,,,ADAPOST CONSILIUL  LOCAL  BAIA  MARE – Asociaţia Salvaţi Animalele,,Maramureș,Baia Mare,ADAPOST CONSILIUL  LOCAL  BAIA  MARE – Asociaţia Salvaţi Animalele,,,,,"Municipiul Baia Mare, strada Iazului, nr. 2","Bohoni Monika (0743114488; , )",,,1,noutati_ong_adapost,,"Sursă: registru-caini.ro | URL județ: https://registru-caini.ro/adaposturi/maramures/ | fingerprint=maramures|adapost consiliul local baia mare – asociatia salvati animalele|municipiul baia mare, strada iazului, nr. 2 | Capacitate: 480; Program: Luni – Vineri: 08.00 – 16.00  / Sâmbătă-Duminică: 08.00 – 12.00",ready
,0742154890,adapost,adpub,,,PRIMĂRIA  ORAŞULUI  SIGHETU  MARMAŢIEI – SERVICIUL  DE  GESTIONARE CFS,,Maramureș,Sighetu Marmației,PRIMĂRIA  ORAŞULUI  SIGHETU  MARMAŢIEI – SERVICIUL  DE  GESTIONARE CFS,,,,,"Municipiul Sighetu Marmației, str. Nicolae Titulescu, FN","Vancea Laurentiu, Zerni Gheorghe (0742154890, 0748197803)",,,1,noutati_ong_adapost,,"Sursă: registru-caini.ro | URL județ: https://registru-caini.ro/adaposturi/maramures/ | fingerprint=maramures|primaria orasului sighetu marmatiei – serviciul de gestionare cfs|municipiul sighetu marmatiei, str. nicolae titulescu, fn | Capacitate: 180; Program: L-V 8:00 – 16:00 , S-D 08:00 -12:00",ready
negrostarcomsrl@yahoo.com,0766649810,adapost,adpub,,,https://www.facebook.com/adapostseverin/?locale=ro_RO,,Mehedinți,Halanga,https://www.facebook.com/adapostseverin/?locale=ro_RO,,,,,"Sat Halanga, com. Izvoru barzii","Truta Dragos , tel: 0766649810",,,1,noutati_ong_adapost,,"Sursă: registru-caini.ro | URL județ: https://registru-caini.ro/adaposturi/mehedinti/ | fingerprint=mehedinti|https://www.facebook.com/adapostseverin/?locale=ro_ro|sat halanga, com. izvoru barzii | Capacitate: 975; Program: Luni – Vineri: 11.00 – 16.00",ready
contact@primariastrehaia.ro,0756805747,adapost,adpub,,,http://www.primariastrehaia.ro/,,Mehedinți,Oraş Strehaia,http://www.primariastrehaia.ro/,,,,,"Oraş Strehaia, strada Republicii nr. 124","dr. Caprarescu Ramona (0756805747, )",,,1,noutati_ong_adapost,,"Sursă: registru-caini.ro | URL județ: https://registru-caini.ro/adaposturi/mehedinti/ | fingerprint=mehedinti|http://www.primariastrehaia.ro/|oras strehaia, strada republicii nr. 124 | Capacitate: 80; Program: Luni – Vineri: 14.00 – 16.00 / Sâmbătă-Duminică: 10.00 – 12.00",ready
adpludus@yahoo.com,0731374209,adapost,adpub,,,ADAPOST CFS PRIMARIA LUDUS,,Mureș,Ludus,ADAPOST CFS PRIMARIA LUDUS,,,,,"Municipiul Ludus, str. Ciocarliei, nr. 1","Popa Liviu ( 0731374209, )",,,1,noutati_ong_adapost,,"Sursă: registru-caini.ro | URL județ: https://registru-caini.ro/adaposturi/mures/ | fingerprint=mures|adapost cfs primaria ludus|municipiul ludus, str. ciocarliei, nr. 1 | Capacitate: 32; Program: L – V 07.00 -15.00",ready
secretariat@seretirgumures.ro,0724220462,adapost,adpub,,,ADAPOST PRIMĂRIA MUN. TÎRGU-MUREŞ,,Mureș,Targu Mureș,ADAPOST PRIMĂRIA MUN. TÎRGU-MUREŞ,,,,,"Municipiul Targu Mureș, strada Prutului, nr. 24",Nagy Emilia 0724220462,,,1,noutati_ong_adapost,,"Sursă: registru-caini.ro | URL județ: https://registru-caini.ro/adaposturi/mures/ | fingerprint=mures|adapost primaria mun. tirgu-mures|municipiul targu mures, strada prutului, nr. 24 | Capacitate: 250; Program: Luni – Vineri: 08.30 – 18.30",ready
office@primariareghin.ro,0743099111,adapost,adpub,,,ADAPOST PRIMĂRIA MUN. REGHIN,,Mureș,Reghin,ADAPOST PRIMĂRIA MUN. REGHIN,,,,,"Municipiul Reghin, str. Gării FN","Miron Stefan (0743099111, )",,,1,noutati_ong_adapost,,"Sursă: registru-caini.ro | URL județ: https://registru-caini.ro/adaposturi/mures/ | fingerprint=mures|adapost primaria mun. reghin|municipiul reghin, str. garii fn | Capacitate: 120; Program: Luni – Vineri: 07.00 – 15.00, S-D: 08.00-12.00",ready
salubritaspn@gmail.com,0755106865,adapost,adpub,,,www.salubritas.ro Facebook,,Neamț,Piatra Neamț,www.salubritas.ro Facebook,,,,,"Municipiul Piatra Neamț, str. Gheorghe Doja, nr. 58","Murariu Carmen Maria (0755106865, )",,,1,noutati_ong_adapost,,"Sursă: registru-caini.ro | URL județ: https://registru-caini.ro/adaposturi/neamt/ | fingerprint=neamt|www.salubritas.ro facebook|municipiul piatra neamt, str. gheorghe doja, nr. 58 | Capacitate: 570; Program: Luni – Vineri: 10.00 – 18.00 / Sâmbătă-Duminică: 08.00 – 14.00",ready
directiamunicipallocato@yahoo.com,0733959067,adapost,adpub,,,https://www.facebook.com/pages/category/Community-Organization/Adapost-caini-fara-stapan-Roman-797497350437736/,,Neamț,Mun. Roman,https://www.facebook.com/pages/category/Community-Organization/Adapost-caini-fara-stapan-Roman-797497350437736/,,,,,"Mun. Roman, strada Colectorului, nr. 21",Cozma Ioan (0733959067; ),,,1,noutati_ong_adapost,,"Sursă: registru-caini.ro | URL județ: https://registru-caini.ro/adaposturi/neamt/ | fingerprint=neamt|https://www.facebook.com/pages/category/community-organization/adapost-caini-fara-stapan-roman-797497350437736/|mun. roman, strada colectorului, nr. 21 | Capacitate: 81; Program: Luni – Vineri: 10.00 – 18.00, Sâmbătă-Duminică: 08.00 – 10.00",ready
prietenii.nostrii@yahoo.com,0760702706,adapost,adprv,,,–,,Olt,Slatina,–,,,,,"Municipiul Slatina, strada Tudor Vladimirescu, nr. 169",Dinca Marin (0760702706; ),,,,noutati_ong_adapost,,"Sursă: registru-caini.ro | URL județ: https://registru-caini.ro/adaposturi/olt/ | fingerprint=olt|–|municipiul slatina, strada tudor vladimirescu, nr. 169 | Capacitate: 250; Program: Luni – Vineri: 10.00 – 14.00",ready
primariascornicesti@yahoo.com,0249460444,adapost,adpub,,,primariascornicesti.ro,,Olt,Scornicesti,primariascornicesti.ro,,,,,"Scornicesti, sat Constantinesti","Trasca Florin (0249460444, )",,,1,noutati_ong_adapost,,"Sursă: registru-caini.ro | URL județ: https://registru-caini.ro/adaposturi/olt/ | fingerprint=olt|primariascornicesti.ro|scornicesti, sat constantinesti | Capacitate: 120; Program: Luni – Vineri: 09.00 – 14.00",ready
spgcfs.slatina@gmail.com,0249707408,adapost,adpub,,,https://www.facebook.com/spgcfs-slatina https://spgcfs-slatina.ro,,Olt,Mun. Slatina,https://www.facebook.com/spgcfs-slatina https://spgcfs-slatina.ro,,,,,"Mun. Slatina, strada Prunilor, nr. 8",Gramescu Pantelie Gabriel (0249707408; ),,,1,noutati_ong_adapost,,"Sursă: registru-caini.ro | URL județ: https://registru-caini.ro/adaposturi/olt/ | fingerprint=olt|https://www.facebook.com/spgcfs-slatina https://spgcfs-slatina.ro|mun. slatina, strada prunilor, nr. 8 | Capacitate: 160; Program: Luni – Vineri: 11.00 – 15.30",ready
primariacorabia@primariacorabia.ro,0249560703,adapost,,,,www.adapost.primariacorabia.ro https://www.facebook.com/ADCorabiaOlt/,,Olt,Oraş Corabia,www.adapost.primariacorabia.ro https://www.facebook.com/ADCorabiaOlt/,,,,,"Oraş Corabia, strada Traian, nr. 2",Domozina Adrian (0249560703; ),,,,noutati_ong_adapost,,"Sursă: registru-caini.ro | URL județ: https://registru-caini.ro/adaposturi/olt/ | fingerprint=olt|www.adapost.primariacorabia.ro https://www.facebook.com/adcorabiaolt/|oras corabia, strada traian, nr. 2",ready
adapost.caini@primariabals.eu,0249450145,adapost,adpub,,,www.primariabals.eu,,Olt,STRADA PETRE PANDREA,www.primariabals.eu,,,,,"STRADA PETRE PANDREA, NR 125",Tilea Ionut (0249450145; ),,,1,noutati_ong_adapost,,"Sursă: registru-caini.ro | URL județ: https://registru-caini.ro/adaposturi/olt/ | fingerprint=olt|www.primariabals.eu|strada petre pandrea, nr 125 | Capacitate: 160; Program: Luni – Vineri: 10.00 – 14.00",ready
adapostploiesti@yahoo.com,0244275702,adapost,adpub,,,ADAPOST CFS – BUCOV- ORDONANȚĂ SUSPENDARE TEMPORARĂ,,Prahova,Bucov,ADAPOST CFS – BUCOV- ORDONANȚĂ SUSPENDARE TEMPORARĂ,,,,,"Comuna Bucov, Calea Daciei nr. 11",Poenaru Dragoş (0244275702; ),,,1,noutati_ong_adapost,,"Sursă: registru-caini.ro | URL județ: https://registru-caini.ro/adaposturi/prahova/ | fingerprint=prahova|adapost cfs – bucov- ordonanta suspendare temporara|comuna bucov, calea daciei nr. 11 | Capacitate: 4500; Program: Luni – Dum: 08.00 – 14.30",ready
apa_ploiesti@yahoo.fr,0755035443,adapost,adpub,,,ADAPOST PRIMARIA CAMPINA – ASOCIATIA PENTRU PROTECTIA ANIMALELOR PLOIESTI,,Prahova,Campina,ADAPOST PRIMARIA CAMPINA – ASOCIATIA PENTRU PROTECTIA ANIMALELOR PLOIESTI,,,,,"Campina, str. Fabricii, FN","Teodoru Mihaela (0755035443, )",,,1,noutati_ong_adapost,,"Sursă: registru-caini.ro | URL județ: https://registru-caini.ro/adaposturi/prahova/ | fingerprint=prahova|adapost primaria campina – asociatia pentru protectia animalelor ploiesti|campina, str. fabricii, fn | Capacitate: 500; Program: Luni – Dum: 08.00 – 13.00",ready
,0755338047,adapost,adprv,,,ADAPOST ASOCIATIA ANCA HELPS ANIMALS,,Prahova,Urlati,ADAPOST ASOCIATIA ANCA HELPS ANIMALS,,,,,"Loc. Urlati, Str. Gladiolelor nr. 1",Anca Toma (0755338047),,,,noutati_ong_adapost,,"Sursă: registru-caini.ro | URL județ: https://registru-caini.ro/adaposturi/prahova/ | fingerprint=prahova|adapost asociatia anca helps animals|loc. urlati, str. gladiolelor nr. 1 | Capacitate: 400; Program: Luni – Vineri: 10.00 – 14.00",ready
,0736102425,adapost,adprv,,,ADAPOST ERGA OMNES BLEJOI,,Prahova,Blejoi,ADAPOST ERGA OMNES BLEJOI,,,,,"Blejoi, parcela 108/95-108/87",Merezeanu Ionut (0736102425),,,,noutati_ong_adapost,,"Sursă: registru-caini.ro | URL județ: https://registru-caini.ro/adaposturi/prahova/ | fingerprint=prahova|adapost erga omnes blejoi|blejoi, parcela 108/95-108/87 | Capacitate: 20, 10 pisici; Program: Luni – Dum: 10.00 – 12.00",ready
emiliaherescu@yahoo.com,0744363458,adapost,adprv,,,ADAPOST BOLDESTI -SCAENI,,Prahova,Oraş Boldești Scăeni,ADAPOST BOLDESTI -SCAENI,,,,,"Oraş Boldești Scăeni, strada Calea Unirii, nr. 1",Emilia Herescu (0744363458; ),,,,noutati_ong_adapost,,"Sursă: registru-caini.ro | URL județ: https://registru-caini.ro/adaposturi/prahova/ | fingerprint=prahova|adapost boldesti -scaeni|oras boldesti scaeni, strada calea unirii, nr. 1 | Capacitate: 500; Program: Luni – Vineri: 08.00 – 16.00, S-D: 08.00 – 12.00",ready
alex.chirobocea@gmail.com,0732214869,adapost,adprv,,,ADAPOST ANIMAL RESCUE POTIGRAFU,,Prahova,Potigrafu,ADAPOST ANIMAL RESCUE POTIGRAFU,,,,,"Potigrafu, Puchenii Mari, parcela Ce605/2, nr cadastral 24828",Simon Hahn (0732214869; ),,,,noutati_ong_adapost,,"Sursă: registru-caini.ro | URL județ: https://registru-caini.ro/adaposturi/prahova/ | fingerprint=prahova|adapost animal rescue potigrafu|potigrafu, puchenii mari, parcela ce605/2, nr cadastral 24828 | Capacitate: 500; Program: Luni – Vineri: 10.00 – 14.00",ready
hopeforstrays@yahoo.com,0725949288,adapost,adprv,,,ADAPOST ASOCIATIA HOPE FOR ROMANIAN STRAYS,,Prahova,Stănceşti,ADAPOST ASOCIATIA HOPE FOR ROMANIAN STRAYS,,,,,"Sat Stănceşti, Soseaua Nationala",Aniela Ghiţă 0725949288,,,,noutati_ong_adapost,,"Sursă: registru-caini.ro | URL județ: https://registru-caini.ro/adaposturi/prahova/ | fingerprint=prahova|adapost asociatia hope for romanian strays|sat stancesti, soseaua nationala | Capacitate: 550 caini, 10 pisici; Program: Luni – Dum: 10.00 – 14.00",ready
,0763612477,adapost,adpub,,,ADAPOST TARGSORUL VECHI- ORDONANȚĂ DE SUSPENDARE TEMPORARĂ,,Prahova,Târgşoru Vechi,ADAPOST TARGSORUL VECHI- ORDONANȚĂ DE SUSPENDARE TEMPORARĂ,,,,,"Comuna Târgşoru Vechi, sat Strejnicu",Aricesteanu Georgian (0763612477),,,1,noutati_ong_adapost,,"Sursă: registru-caini.ro | URL județ: https://registru-caini.ro/adaposturi/prahova/ | fingerprint=prahova|adapost targsorul vechi- ordonanta de suspendare temporara|comuna targsoru vechi, sat strejnicu | Capacitate: 150; Program: Luni – Dum: 10.00 – 14.00",ready
fratzi65@gmail.com,,adapost,adprv,,,ADAPOST ASOCIATIA FREE LIFE SATU MARE,,Satu Mare,Satu Mare,ADAPOST ASOCIATIA FREE LIFE SATU MARE,,,,,"Municipiul Satu Mare, strada Curtuius 1 (Parc Industrial Sud)","Cadariu Carmen ( 0745 521 042, )",,,,noutati_ong_adapost,,"Sursă: registru-caini.ro | URL județ: https://registru-caini.ro/adaposturi/satu-mare/ | fingerprint=satu-mare|adapost asociatia free life satu mare|municipiul satu mare, strada curtuius 1 (parc industrial sud) | Capacitate: 630; Program: Luni – Sambata 10.00 – 18.00 / Duminica: 10.00-14.00",ready
citadinzalau@gmail.com,0260612837,adapost,adpub,,,ADAPOST CFS (SC CITADIN SRL) ZALAU,,Sălaj,Zalău,ADAPOST CFS (SC CITADIN SRL) ZALAU,,,,,"Municipiul Zalău, strada Fabricii nr. 28","Gurzău Vasile (0260612837, 036008600; )",,,1,noutati_ong_adapost,,"Sursă: registru-caini.ro | URL județ: https://registru-caini.ro/adaposturi/salaj/ | fingerprint=salaj|adapost cfs (sc citadin srl) zalau|municipiul zalau, strada fabricii nr. 28 | Capacitate: 50; Program: Luni – Duminica: 10.00 – 15.00",ready
cainifarastapan@sibiu.ro,0372743677,adapost,adpub,,,http://www.cainifarastapan.sibiu.ro/,,Sibiu,Sibiu,http://www.cainifarastapan.sibiu.ro/,,,,,"Municipiul Sibiu, Str Rachitei FN.",Serb Ioana Lucia – 0372743677,,,1,noutati_ong_adapost,,"Sursă: registru-caini.ro | URL județ: https://registru-caini.ro/adaposturi/sibiu/ | fingerprint=sibiu|http://www.cainifarastapan.sibiu.ro/|municipiul sibiu, str rachitei fn. | Capacitate: 250; Program: Luni – Vineri: 10.00 – 18.00",ready
nelucu.maghiari@gmail.com,0744290924,adapost,adprv,,,https://www.facebook.com/Animal-Protect-Media%C8%99-113056570114735/,,Sibiu,Mun. Mediaş,https://www.facebook.com/Animal-Protect-Media%C8%99-113056570114735/,,,,,"Mun. Mediaş, strada Moşnei nr. 90",Szambati Zoltan (0744290924; ),,,,noutati_ong_adapost,,"Sursă: registru-caini.ro | URL județ: https://registru-caini.ro/adaposturi/sibiu/ | fingerprint=sibiu|https://www.facebook.com/animal-protect-media%c8%99-113056570114735/|mun. medias, strada mosnei nr. 90 | Capacitate: 60 cap.; Program: Luni – Vineri: 10.00 – 18.00",ready
office@primaria-avrig.ro,0743239056,adapost,adpub,,,www.primaria-avrig.ro,,Sibiu,Mârşa (Oraş Avrig),www.primaria-avrig.ro,,,,,"Sat Mârşa (Oraş Avrig), strada Uzinei, FN.",Chialda Cristian Ioan (0743239056; ),,,1,noutati_ong_adapost,,"Sursă: registru-caini.ro | URL județ: https://registru-caini.ro/adaposturi/sibiu/ | fingerprint=sibiu|www.primaria-avrig.ro|sat marsa (oras avrig), strada uzinei, fn. | Capacitate: 100; Program: Luni – Vineri: 10.00 – 18.00",ready
clauddiudodoc@yahoo.com,0740347036,adapost,adprv,,,www.adapostcainicristian.ro,,Sibiu,Cristian,www.adapostcainicristian.ro,,,,,"loc. Cristian, nr. 18","Dodoc Claudiu (0740347036, )",,,,noutati_ong_adapost,,"Sursă: registru-caini.ro | URL județ: https://registru-caini.ro/adaposturi/sibiu/ | fingerprint=sibiu|www.adapostcainicristian.ro|loc. cristian, nr. 18 | Capacitate: 250 cap.; Program: Luni – Vineri: 08.00 – 16.00",ready
,0742943020,adapost,adprv,,,Facebook,,Sibiu,Tichindeal,Facebook,,,,,"loc. Tichindeal, FN",Stanciu Ionut ( tel. 0742943020),,,,noutati_ong_adapost,,"Sursă: registru-caini.ro | URL județ: https://registru-caini.ro/adaposturi/sibiu/ | fingerprint=sibiu|facebook|loc. tichindeal, fn | Capacitate: 21 cap.; Program: Luni – Vineri: 10.00 – 18.00",ready
primsv@primariasv.ro,0757217199,adapost,adpub,,,ADAPOST CFS – PRIMARIA MUN. SUCEAVA,,Suceava,Suceava,ADAPOST CFS – PRIMARIA MUN. SUCEAVA,,,,,"Municipiul Suceava, strada Energeticienilor, FN",Flutur Elisa (0757217199); ),,,1,noutati_ong_adapost,,"Sursă: registru-caini.ro | URL județ: https://registru-caini.ro/adaposturi/suceava/ | fingerprint=suceava|adapost cfs – primaria mun. suceava|municipiul suceava, strada energeticienilor, fn | Capacitate: 1000; Program: Luni – Vineri: 10.00 – 14.00",ready
uvavet@gmail.com,0758904304,adapost,adpub,,,ADAPOST CONS. LOCAL CAMPULUNG MOLDOVENESC (SC UVAVET PET SRL),,Suceava,Câmpulung Moldovenesc,ADAPOST CONS. LOCAL CAMPULUNG MOLDOVENESC (SC UVAVET PET SRL),,,,,Municipiul Câmpulung Moldovenesc,dr. Ungureanu Vlad (0758904304; ),,,1,noutati_ong_adapost,,Sursă: registru-caini.ro | URL județ: https://registru-caini.ro/adaposturi/suceava/ | fingerprint=suceava|adapost cons. local campulung moldovenesc (sc uvavet pet srl)|municipiul campulung moldovenesc | Capacitate: 110; Program: Luni – Vineri: 10.00 – 18.00,ready
casaluipatrocle@gmail.com,0755662852,adapost,adprv,,,ADAPOST ASOCIATIA CASA LUI PATROCLE,,Suceava,Ilisesti,ADAPOST ASOCIATIA CASA LUI PATROCLE,,,,,loc. Ilisesti,Roxana Ciornei (0755662852),,,,noutati_ong_adapost,,Sursă: registru-caini.ro | URL județ: https://registru-caini.ro/adaposturi/suceava/ | fingerprint=suceava|adapost asociatia casa lui patrocle|loc. ilisesti | Capacitate: 196; Program: Luni – Vineri: 08.00 – 17.00,ready
,0749336650,adapost,adpub,,,ADAPOST CFS – PRIMARIA Gura Humorului,,Suceava,Gura Humorului,ADAPOST CFS – PRIMARIA Gura Humorului,,,,,"Gura Humorului, Str. Lunca Boilor fn",Dr Ciornei Emil Petrica – 0749336650,,,1,noutati_ong_adapost,,"Sursă: registru-caini.ro | URL județ: https://registru-caini.ro/adaposturi/suceava/ | fingerprint=suceava|adapost cfs – primaria gura humorului|gura humorului, str. lunca boilor fn | Capacitate: 50; Program: Luni – Vineri: 08.00 – 16.00",ready
as.unnouinceputonouaviata@yahoo.com,0759106176,adapost,adprv,,,"ADAPOST ASOCIATIA IMPERIUL CATEILOR – UN NOU INCEPUT, O NOUA VIATA",,Suceava,Suceava,"ADAPOST ASOCIATIA IMPERIUL CATEILOR – UN NOU INCEPUT, O NOUA VIATA",,,,,"Suceava, Berchisesti","Taran Gheorghita Catalin – (0759106176, )",,,,noutati_ong_adapost,,"Sursă: registru-caini.ro | URL județ: https://registru-caini.ro/adaposturi/suceava/ | fingerprint=suceava|adapost asociatia imperiul cateilor – un nou inceput, o noua viata|suceava, berchisesti | Capacitate: 700; Program: Luni – Vineri: 08.00 – 16.00",ready
savebythevetsolca@gmail.com,0711028089,adapost,adprv,,,ADAPOST ASOCIATIA SAVE BY THE VET,,Suceava,Solca,ADAPOST ASOCIATIA SAVE BY THE VET,,,,,Solca,"Dumitrescu Elisha (0711028089, )",,,,noutati_ong_adapost,,Sursă: registru-caini.ro | URL județ: https://registru-caini.ro/adaposturi/suceava/ | fingerprint=suceava|adapost asociatia save by the vet|solca | Capacitate: 300; Program: Luni – Vineri: 10.00 – 18.00,ready
prodogsuceava@gmail.com,0744339774,adapost,adprv,,,ADAPOST ASOCIATIA PRO DOG,,Suceava,Suceava,ADAPOST ASOCIATIA PRO DOG,,,,,Suceava,"Horodincu Monica – (0744339774, )",,,,noutati_ong_adapost,,Sursă: registru-caini.ro | URL județ: https://registru-caini.ro/adaposturi/suceava/ | fingerprint=suceava|adapost asociatia pro dog|suceava | Capacitate: 100; Program: Luni – Vineri: 10.00 – 18.00,ready
relatiipublice@primariaradauti.ro,0751508522,adapost,adpub,,,ADAPOST PRIMARIA RADAUTI,,Suceava,Radauti,ADAPOST PRIMARIA RADAUTI,,,,,loc. Radauti,"Olenici Angelica (0751508522, )",,,1,noutati_ong_adapost,,Sursă: registru-caini.ro | URL județ: https://registru-caini.ro/adaposturi/suceava/ | fingerprint=suceava|adapost primaria radauti|loc. radauti | Capacitate: 70; Program: Luni – Vineri: 08.00 – 16.00,ready
arcaluioscar@gmail.com,0756921961,adapost,adpub,,,ADAPOST PRIMARIA SIRET/ASOCIATIA ARCA LUI OSCAR,,Suceava,Siret,ADAPOST PRIMARIA SIRET/ASOCIATIA ARCA LUI OSCAR,,,,,loc. Siret,"Astrid Haviar,tel.0756921961",,,1,noutati_ong_adapost,,Sursă: registru-caini.ro | URL județ: https://registru-caini.ro/adaposturi/suceava/ | fingerprint=suceava|adapost primaria siret/asociatia arca lui oscar|loc. siret | Capacitate: 100; Program: Luni – Vineri: 08.00 – 16.00,ready
csvalexandria@yahoo.com,0729612820,adapost,adpub,,,ADAPOST ALEXANDRIA – S.C. SERVICIUL SANITAR VETERINAR S.R.L.,,Teleorman,Alexandria,ADAPOST ALEXANDRIA – S.C. SERVICIUL SANITAR VETERINAR S.R.L.,,,,,"Municipiul Alexandria, strada Dunării, nr. 370 (zona CET)",dr. Petrescu Dorin (0729612820; ),,,1,noutati_ong_adapost,,"Sursă: registru-caini.ro | URL județ: https://registru-caini.ro/adaposturi/teleorman/ | fingerprint=teleorman|adapost alexandria – s.c. serviciul sanitar veterinar s.r.l.|municipiul alexandria, strada dunarii, nr. 370 (zona cet) | Capacitate: 120; Program: Luni – Vineri: 08.30 – 14.00",ready
urbis_servrosiori@yahoo.com,0247466936,adapost,adpub,,,ADAPOST ROSIORII DE VEDE – S.C. URBIS SERVCONSTRUCT S.R.L.,,Teleorman,Roşiori de Vede,ADAPOST ROSIORII DE VEDE – S.C. URBIS SERVCONSTRUCT S.R.L.,,,,,"Municipiul Roşiori de Vede, strada Republicii nr. 31","Suna Amalia (0247466936, )",,,1,noutati_ong_adapost,,"Sursă: registru-caini.ro | URL județ: https://registru-caini.ro/adaposturi/teleorman/ | fingerprint=teleorman|adapost rosiorii de vede – s.c. urbis servconstruct s.r.l.|municipiul rosiori de vede, strada republicii nr. 31 | Capacitate: 450; Program: Luni – Vineri: 08.00 – 16.00",ready
danyflorcanisa@yahoo.com,0256395051/0724389288,adapost,adprv,,,www.Danyflor.ro,,Timiș,Şag,www.Danyflor.ro,,,,,"Comuna Şag, DN 59, Km 12+200",Maxim Cristian (0256395051/0724389288; ),,,,noutati_ong_adapost,,"Sursă: registru-caini.ro | URL județ: https://registru-caini.ro/timis/ | fingerprint=timis|www.danyflor.ro|comuna sag, dn 59, km 12+200 | Capacitate: 530 caini, 30 pisici; Program: Luni – Vineri: 12.00 – 18.00",ready
salbastone@yahoo.com,0737835673,adapost,adprv,,,https://www.casa-cainelui.com/,,Timiș,Peciu Nou,https://www.casa-cainelui.com/,,,,,"Comuna Peciu Nou, DJ 593, Km 8",Romulus Sale (0737835673; ),,,,noutati_ong_adapost,,"Sursă: registru-caini.ro | URL județ: https://registru-caini.ro/timis/ | fingerprint=timis|https://www.casa-cainelui.com/|comuna peciu nou, dj 593, km 8 | Capacitate: 400; Program: Luni – Vineri: 10.00 – 12.00",ready
info@freeamely.ro,0731973866/0726692964,adapost,adprv,,,Facebook – free amely,,Timiș,Tapia,Facebook – free amely,,,,,"Sat Tapia, nr. 10 (între satele Tapia şi Măguri)",Balaj Elena (0731973866/0726692964; ),,,,noutati_ong_adapost,,"Sursă: registru-caini.ro | URL județ: https://registru-caini.ro/timis/ | fingerprint=timis|facebook – free amely|sat tapia, nr. 10 (intre satele tapia si maguri) | Capacitate: 120; Program: Luni – Vineri: 12.00 – 16.00",ready
littletoyssrl@gmail.com,0256705742,adapost,adpub,,,www.acslugoj.ro,,Timiș,Lugoj,www.acslugoj.ro,,,,,"Municipiul Lugoj, strada Plopilor, nr. 22 (Fdt. Traian Vuia nr.3)","Muntean Tiberiu (0256705742, 0734413230; )",,,1,noutati_ong_adapost,,"Sursă: registru-caini.ro | URL județ: https://registru-caini.ro/timis/ | fingerprint=timis|www.acslugoj.ro|municipiul lugoj, strada plopilor, nr. 22 (fdt. traian vuia nr.3) | Capacitate: 280; Program: Luni – Vineri: 10.00 – 17.00",ready
,0724346123,adapost,adprv,,,https://www.facebook.com/ACT.Timisoara/,,Timiș,Libling DE 638,https://www.facebook.com/ACT.Timisoara/,,,,,"Libling DE 638, CF 400231",Adriana Tudor – 0724346123,,,,noutati_ong_adapost,,"Sursă: registru-caini.ro | URL județ: https://registru-caini.ro/timis/ | fingerprint=timis|https://www.facebook.com/act.timisoara/|libling de 638, cf 400231 | Capacitate: 100; Program: Luni – Vineri: 10.00 – 12.00",ready
stelalucitalosnichici@gmail.com,0790461710,adapost,adprv,,,Facebook – speranta animalelor timisoara,,Timiș,Timisoara,Facebook – speranta animalelor timisoara,,,,,"Timisoara, CF 433828","Nichici Luci Talos (0790461710, )",,,,noutati_ong_adapost,,"Sursă: registru-caini.ro | URL județ: https://registru-caini.ro/timis/ | fingerprint=timis|facebook – speranta animalelor timisoara|timisoara, cf 433828 | Capacitate: 50; Program: Luni – Vineri: 10.00 – 12.00",ready
puiusimonica@yahoo.com,0748119949,adapost,adprv,,,https://www.facebook.com/pages/category/Nonprofit-Organization/Asociatia-BETTY-TESSA-1532384740341688/,,Timiș,V.V. Delamarina,https://www.facebook.com/pages/category/Nonprofit-Organization/Asociatia-BETTY-TESSA-1532384740341688/,,,,,"V.V. Delamarina, CF 403048","Imre Iuliu Augustin (0748119949, )",,,,noutati_ong_adapost,,"Sursă: registru-caini.ro | URL județ: https://registru-caini.ro/timis/ | fingerprint=timis|https://www.facebook.com/pages/category/nonprofit-organization/asociatia-betty-tessa-1532384740341688/|v.v. delamarina, cf 403048 | Capacitate: 100 caini, 40 pisici; Program: Luni – Vineri: 10.00 – 12.00",ready
office@mosnita.ro,0784674926,adapost,adpub,,,Facebook – adapost mosnita noua,,Timiș,Mosnita Noua,Facebook – adapost mosnita noua,,,,,"Mosnita Noua, CF 422138","Radivoicovici Maria Monica (0784674926, )",,,1,noutati_ong_adapost,,"Sursă: registru-caini.ro | URL județ: https://registru-caini.ro/timis/ | fingerprint=timis|facebook – adapost mosnita noua|mosnita noua, cf 422138 | Capacitate: 100; Program: Luni – Vineri: 10.00 – 18.00, Sambata 10.00 – 12.00",ready
serviciipublice@yahoo.com,0240515541,adapost,adpub,,,www.serviciipublicetulcea.ro,,Tulcea,Tulcea,www.serviciipublicetulcea.ro,,,,,"Municipiul Tulcea, strada Combustibilului, nr. 6",Lescai Alina 0240515541,,,1,noutati_ong_adapost,,"Sursă: registru-caini.ro | URL județ: https://registru-caini.ro/adaposturi/tulcea/ | fingerprint=tulcea|www.serviciipublicetulcea.ro|municipiul tulcea, strada combustibilului, nr. 6 | Capacitate: 80; Program: Luni – Vineri: 10.00 – 14.00",ready
serviciipublice@yahoo.com,0747782195,adapost,adprv,,,Facebook Adapost animale Daeni Tulcea,,Tulcea,Daeni,Facebook Adapost animale Daeni Tulcea,,,,,"Daeni, str. Loturilor, nr. 3",Geambazu Cristian (0747782195; ),,,,noutati_ong_adapost,,"Sursă: registru-caini.ro | URL județ: https://registru-caini.ro/adaposturi/tulcea/ | fingerprint=tulcea|facebook adapost animale daeni tulcea|daeni, str. loturilor, nr. 3 | Capacitate: 150; Program: Luni – Vineri: 08.00 – 16.00",ready
,,adapost,adprv,,,C Vet Adoptii Animale – Facebook,,Tulcea,Daeni,C Vet Adoptii Animale – Facebook,,,,,"Daeni, str. Loturilor, nr. 3",Matei Anisoara,,,,noutati_ong_adapost,,"Sursă: registru-caini.ro | URL județ: https://registru-caini.ro/adaposturi/tulcea/ | fingerprint=tulcea|c vet adoptii animale – facebook|daeni, str. loturilor, nr. 3 | Capacitate: 450; Program: Luni – Vineri: 12.00 – 16.00",ready
,0758062880,adapost,adpub,,,ADAPOST SC GOSCOM SA – VASLUI,,Vaslui,Vaslui,ADAPOST SC GOSCOM SA – VASLUI,,,,,"Municipiul Vaslui, strada Podu Inalt nr. 3",Ghetau Romeo (0758062880),,,1,noutati_ong_adapost,,"Sursă: registru-caini.ro | URL județ: https://registru-caini.ro/adaposturi/vaslui/ | fingerprint=vaslui|adapost sc goscom sa – vaslui|municipiul vaslui, strada podu inalt nr. 3 | Capacitate: 186; Program: Luni – Vineri: 08.00 – 16.00",ready
ldp_reser@yahoo.com,0769536619,adapost,adpub,,,ADAPOST SLDP REISER SA BARLAD,,Vaslui,Bârlad,ADAPOST SLDP REISER SA BARLAD,,,,,"Municipiul Bârlad, strada Republicii, nr. 281 bis","Ghiorghiu Petrisor (0769536619, )",,,1,noutati_ong_adapost,,"Sursă: registru-caini.ro | URL județ: https://registru-caini.ro/adaposturi/vaslui/ | fingerprint=vaslui|adapost sldp reiser sa barlad|municipiul barlad, strada republicii, nr. 281 bis | Capacitate: 254; Program: Luni – Vineri: 08.00 – 16.00, S-D: 08.00 – 12.00",ready
salubrizare2005@yahoo.com,0743117479,adapost,adpub,,,ADAPOST CFS  HUSI – S.C. Ecosalubrizare Prest S.r.l.,,Vaslui,Huşi,ADAPOST CFS  HUSI – S.C. Ecosalubrizare Prest S.r.l.,,,,,"Municipiul Huşi, str. Stefan cel Mare nr. 18","Maxim Carmen (0743117479, )",,,1,noutati_ong_adapost,,"Sursă: registru-caini.ro | URL județ: https://registru-caini.ro/adaposturi/vaslui/ | fingerprint=vaslui|adapost cfs husi – s.c. ecosalubrizare prest s.r.l.|municipiul husi, str. stefan cel mare nr. 18 | Capacitate: 100; Program: Luni – Duminică: 08.00 – 16.00",ready
,0746580612,adapost,adprv,,,ADAPOST ASOCIATIA SPRIJINA CAINII BALTENI,,Vaslui,Balteni,ADAPOST ASOCIATIA SPRIJINA CAINII BALTENI,,,,,loc. Balteni,Paun Andreea Narcisa (0746580612),,,,noutati_ong_adapost,,Sursă: registru-caini.ro | URL județ: https://registru-caini.ro/adaposturi/vaslui/ | fingerprint=vaslui|adapost asociatia sprijina cainii balteni|loc. balteni | Capacitate: 296; Program: Luni – Duminică: 08.00 – 16.00,ready
g_ciornei@yahoo.com,0733988611,adapost,adpub,,,www.primariavl.ro,,Vâlcea,Râmnicu Vâlcea,www.primariavl.ro,,,,,"Municipiul Râmnicu Vâlcea, str. Feţeni FN (cartier Feţeni)",Ciornei Gheorghe (0733988611; ),,,1,noutati_ong_adapost,,"Sursă: registru-caini.ro | URL județ: https://registru-caini.ro/adaposturi/valcea/ | fingerprint=valcea|www.primariavl.ro|municipiul ramnicu valcea, str. feteni fn (cartier feteni) | Capacitate: 470; Program: Luni – Vineri: 10.00 – 18.00",ready
babeni@bl.e-adm.com,0745601415/0250765160,adapost,adpub,,,orasbabeni.ro,,Vâlcea,Oraş Băbeni,orasbabeni.ro,,,,,"Oraş Băbeni, strada Petrolistilor, FN",dr. Barbus Ion (0745601415/0250765160; ),,,1,noutati_ong_adapost,,"Sursă: registru-caini.ro | URL județ: https://registru-caini.ro/adaposturi/valcea/ | fingerprint=valcea|orasbabeni.ro|oras babeni, strada petrolistilor, fn | Capacitate: 50; Program: Luni – Vineri: 10.00 – 18.00",ready
primaria.dragasani@yahoo.com,0371129607,adapost,adpub,,,https://www.facebook.com/people/Ad%C4%83postul-c%C3%A2inilor-f%C4%83r%C4%83-st%C4%83p%C3%A2n-Dr%C4%83g%C4%83%C8%99ani/100090068403695/,,Vâlcea,Drăgăşani,https://www.facebook.com/people/Ad%C4%83postul-c%C3%A2inilor-f%C4%83r%C4%83-st%C4%83p%C3%A2n-Dr%C4%83g%C4%83%C8%99ani/100090068403695/,,,,,"Municipiul Drăgăşani, strada Livezilor nr. 4",Stefanescu Ion (0371129607; ),,,1,noutati_ong_adapost,,"Sursă: registru-caini.ro | URL județ: https://registru-caini.ro/adaposturi/valcea/ | fingerprint=valcea|https://www.facebook.com/people/ad%c4%83postul-c%c3%a2inilor-f%c4%83r%c4%83-st%c4%83p%c3%a2n-dr%c4%83g%c4%83%c8%99ani/100090068403695/|municipiul dragasani, strada livezilor nr. 4 | Capacitate: 156; Program: Luni – Vineri: 10.00 – 18.00",ready
primaria@orasul-horezu.ro,0738974508,adapost,adpub,,,www.orasul-horezu.ro,,Vâlcea,Oras Horezu,www.orasul-horezu.ro,,,,,"Oras Horezu, str. Tudor Vladimirescu, f.n.","dr. Visoiu Mihaela Steliana (0738974508, 0738974504; )",,,1,noutati_ong_adapost,,"Sursă: registru-caini.ro | URL județ: https://registru-caini.ro/adaposturi/valcea/ | fingerprint=valcea|www.orasul-horezu.ro|oras horezu, str. tudor vladimirescu, f.n. | Capacitate: 80; Program: Luni – Vineri: 10.00 – 18.00",ready
dirservpubs@yahoo.com,0237225618,adapost,adpub,,,http://ddspfocsani.ro/,,Vrancea,Focsani,http://ddspfocsani.ro/,,,,,"Municipiul Focsani, extravilan, T125, P6580","Liciu Constantin, Lazar Ion, Dumitru Neculae (0237225618; 0237225617; )",,,1,noutati_ong_adapost,,"Sursă: registru-caini.ro | URL județ: https://registru-caini.ro/adaposturi/vrancea/ | fingerprint=vrancea|http://ddspfocsani.ro/|municipiul focsani, extravilan, t125, p6580 | Capacitate: 320 cap.; Program: Luni – Vineri: 10.00 – 13.00",ready
contact@vetmedan.ro,0744338976,adapost,adprv,,,vetmedan.ro,,Vrancea,Suraia,vetmedan.ro,,,,,"Com. Suraia, extravilan, tarla 22, parcela 143",Lazar Daniel (0744338976; ; ),,,,noutati_ong_adapost,,"Sursă: registru-caini.ro | URL județ: https://registru-caini.ro/adaposturi/vrancea/ | fingerprint=vrancea|vetmedan.ro|com. suraia, extravilan, tarla 22, parcela 143 | Capacitate: 210 cap.; Program: Luni – Joi: 10.00 – 14.00, Vineri: 09.00 – 13.00",ready
politiaanimalelor@politialocalasector1.ro,0214904007/0762251230,adapost,adpub,,,http://www.primariasector1.ro/,,București,Șos. Odăii,http://www.primariasector1.ro/,,,,,"Șos. Odăii, nr. 3-5, Sector 1, Municipiul Bucureşti",Ene Graţiela (0214904007/0762251230; ),,,1,noutati_ong_adapost,,"Sursă: registru-caini.ro | URL județ: https://registru-caini.ro/adaposturi/bucuresti/ | fingerprint=bucuresti|http://www.primariasector1.ro/|sos. odaii, nr. 3-5, sector 1, municipiul bucuresti | Capacitate: 900; Program: Luni – Joi: 08.00 – 16.00 / Vineri : 08.00-14.00",ready
,0751113817,adapost,adprv,,,Adăpost,,București,Drumul Badicului,Adăpost,,,,,"Drumul Badicului, nr. cadastral 200801, sector 3 Bucuresti",Garofita Hoffman (0751113817),,,,noutati_ong_adapost,,"Sursă: registru-caini.ro | URL județ: https://registru-caini.ro/adaposturi/bucuresti/ | fingerprint=bucuresti|adapost|drumul badicului, nr. cadastral 200801, sector 3 bucuresti | Capacitate: 180; Program: Luni – Vineri: 10.00 – 16.00",ready
